Workbook

Sheet Dashboard
A1: ="Music Academy Ops Snapshot, as of "&TEXT(Data_Audit!F1,"m/d/yyyy") -> Music Academy Ops Snapshot, as of 10/14/2026
A3: Active Students | B3: Monthly Revenue | C3: Inquiry Close Rate | D3: Cancellation Rate | E3: Records Needing Cleanup | F3: Makeups Not Booked
A4: =COUNTIFS(Students[Status__c],"Active") -> 143 | B4: =SUM(Locations[Revenue By Location]) -> 28060 | C4: ='Inquiry Funnel'!J12 -> 0.34453782 | D4: ='Lesson Health'!K17 -> 0.13587604 | E4: =Data_Audit!B2 -> 5 | F4: =Data_Audit!B11 -> 15
G21: What the data says
G22: 1. September looked like a collapse (31 lessons vs. 90 in July), but most
G23: of its lessons were never closed out. Cleaned up, Sept and Aug both hit 64.
G24: 2. Brick cancels 18% of its lessons, almost double Red Bank's 10%.
G25: 23 of Brick's cancellations came from our own instructors, not students.
G26: 3. About 1 in 3 finished inquiries becomes a student (34.5%), not 50%.
G27: 57 leads sat open for over a month, and 19 never got any response.
G29: What I'd fix in Salesforce
G30: 1. A nightly Flow that flags lessons still marked Scheduled after their date,
G31: so they get closed out the next day instead of months later.
G32: 2. Auto-assign new inquiries with a 48-hour follow-up task, and mark leads
G33: Unresponsive automatically after 30 days with no activity.
... G35: and look into why Brick's instructors cancel so often.

Sheet Lessons
A1: CreatedById | B1: CreatedDate | C1: Duration_Minutes__c | D1: Id | E1: Instructor_External_Id__c | F1: Instructor_Name__c | G1: Instructor_Notes__c | H1: Instrument__c | I1: IsDeleted | J1: LastActivityDate | K1: LastModifiedById | L1: LastModifiedDate | M1: LastReferencedDate | N1: LastViewedDate | O1: Lesson_Date__c | P1: Lesson_External_Id__c | Q1: Lesson__c | R1: Location_External_Id__c | S1: Makeup_Required__c | T1: Makeup_Scheduled__c | U1: Name | V1: Start_Time__c | W1: Status__c | X1: Student_External_Id__c | Y1: Student_Name__c | Z1: SystemModstamp | AA1: Does the Instructor teach that Instrument? | AB1: Double Booked Key | AC1: Double Booked? | AD1: Location Name | AE1: Lesson Month | AF1: Is Past
A2: 005ak00000icyWTAAY | B2: 2026-09-14T21:01:58.000Z | C2: 45 | D2: a0Aak00000FtDlZEAV | E2: a06ak00000amzC9AAI | F2: Kai Okafor | G2: Focused on sight reading. | H2: Trumpet | I2: FALSE | K2: 005ak00000icyWTAAY | L2: 2026-09-24T17:45:38.000Z | M2: 2026-09-25T17:55:56.000Z | N2: 2026-09-25T17:55:56.000Z | O2: 46152 | P2: LSN-00001 | Q2: L-0000001 | R2: 131ak000001XjDtAAK | S2: FALSE | T2: FALSE | U2: L-0000001 | V2: 11:00:00.000Z | W2: Completed | X2: a07ak00001rZMp9AAG | Y2: Aurora White | Z2: 2026-09-24T17:45:38.000Z | AA2: =ISNUMBER(SEARCH(";"&Lessons[[#This Row],[Instrument__c]]&";",";"&_xlfn.XLOOKUP(Lessons[[#This Row],[Instructor_External_Id__c]], Instructors[Id], Instructors[Instruments_Taught__c])&";")) -> TRUE | AB2: =IF(LEFT(Lessons[[#This Row],[Status__c]],9)="Cancelled","",Lessons[[#This Row],[Instructor_External_Id__c]]&"|"&TEXT(Lessons[[#This Row],[Lesson_Date__c]],"yyyy-mm-dd")&"|"&Lessons[[#This Row],[Start_Time__c]]) -> a06ak00000amzC9AAI|2026-05-10|11:00:00.000Z | AC2: =IF(Lessons[[#This Row],[Double Booked Key]]="","",COUNTIF(Lessons[Double Booked Key],Lessons[[#This Row],[Double Booked Key]])) -> 1 | AD2: =_xlfn.XLOOKUP(Lessons[[#This Row],[Location_External_Id__c]], Locations[Location Id], Locations[Location Name]) -> Red Bank | AE2: =TEXT(Lessons[[#This Row],[Lesson_Date__c]], "yyyy-mm") -> 2026-05 | AF2: =IF(Lessons[[#This Row],[Lesson_Date__c]]<=Data_Audit!$F$1, "Yes", "No") -> Yes
A3: 005ak00000icyWTAAY | B3: 2026-09-14T21:01:58.000Z | C3: 45 | D3: a0Aak00000FtDlaEAF | E3: a06ak00000amzC9AAI | F3: Kai Okafor | G3: Reviewed last week&#39;s assignment. | H3: Trumpet | I3: FALSE | K3: 005ak00000icyWTAAY | L3: 2026-09-16T17:01:26.000Z | M3: 2026-09-15T18:03:38.000Z | N3: 2026-09-15T18:03:38.000Z | O3: 46062 | P3: LSN-00002 | Q3: L-0000002 | R3: 131ak000001XjDtAAK | S3: FALSE | T3: FALSE | U3: L-0000002 | V3: 16:30:00.000Z | W3: Completed | X3: a07ak00001rZMp9AAG | Y3: Aurora White | Z3: 2026-09-16T17:01:26.000Z | AA3: =ISNUMBER(SEARCH(";"&Lessons[[#This Row],[Instrument__c]]&";",";"&_xlfn.XLOOKUP(Lessons[[#This Row],[Instructor_External_Id__c]], Instructors[Id], Instructors[Instruments_Taught__c])&";")) -> TRUE | AB3: =IF(LEFT(Lessons[[#This Row],[Status__c]],9)="Cancelled","",Lessons[[#This Row],[Instructor_External_Id__c]]&"|"&TEXT(Lessons[[#This Row],[Lesson_Date__c]],"yyyy-mm-dd")&"|"&Lessons[[#This Row],[Start_Time__c]]) -> a06ak00000amzC9AAI|2026-02-09|16:30:00.000Z | AC3: =IF(Lessons[[#This Row],[Double Booked Key]]="","",COUNTIF(Lessons[Double Booked Key],Lessons[[#This Row],[Double Booked Key]])) -> 1 | AD3: =_xlfn.XLOOKUP(Lessons[[#This Row],[Location_External_Id__c]], Locations[Location Id], Locations[Location Name]) -> Red Bank | AE3: =TEXT(Lessons[[#This Row],[Lesson_Date__c]], "yyyy-mm") -> 2026-02 | AF3: =IF(Lessons[[#This Row],[Lesson_Date__c]]<=Data_Audit!$F$1, "Yes", "No") -> Yes
A4: 005ak00000icyWTAAY | B4: 2026-09-14T21:01:58.000Z | C4: 30 | D4: a0Aak00000FtDlbEAF | E4: a06ak00000amzBgAAI | F4: Noah Mitchell | H4: Bass Guitar | I4: FALSE | K4: 005ak00000icyWTAAY | L4: 2026-09-23T19:02:24.000Z | M4: 2026-09-15T17:27:06.000Z | N4: 2026-09-15T17:27:06.000Z | O4: 46289 | P4: LSN-00003 | Q4: L-0000003 | R4: 131ak000001XjDuAAK | S4: FALSE | T4: FALSE | U4: L-0000003 | V4: 17:00:00.000Z | W4: Cancelled by Student | X4: a07ak00001rZMpAAAW | Y4: Mason Wilson | Z4: 2026-09-23T19:02:24.000Z | AA4: =ISNUMBER(SEARCH(";"&Lessons[[#This Row],[Instrument__c]]&";",";"&_xlfn.XLOOKUP(Lessons[[#This Row],[Instructor_External_Id__c]], Instructors[Id], Instructors[Instruments_Taught__c])&";")) -> TRUE | AB4: =IF(LEFT(Lessons[[#This Row],[Status__c]],9)="Cancelled","",Lessons[[#This Row],[Instructor_External_Id__c]]&"|"&TEXT(Lessons[[#This Row],[Lesson_Date__c]],"yyyy-mm-dd")&"|"&Lessons[[#This Row],[Start_Time__c]]) | AC4: =IF(Lessons[[#This Row],[Double Booked Key]]="","",COUNTIF(Lessons[Double Booked Key],Lessons[[#This Row],[Double Booked Key]])) | AD4: =_xlfn.XLOOKUP(Lessons[[#This Row],[Location_External_Id__c]], Locations[Location Id], Locations[Location Name]) -> Brick | AE4: =TEXT(Lessons[[#This Row],[Lesson_Date__c]], "yyyy-mm") -> 2026-09 | AF4: =IF(Lessons[[#This Row],[Lesson_Date__c]]<=Data_Audit!$F$1, "Yes", "No") -> Yes
A5: 005ak00000icyWTAAY | B5: 2026-09-14T21:01:58.000Z | C5: 30 | D5: a0Aak00000FtDlcEAF | E5: a06ak00000amzCFAAY | F5: Valentina Sanchez | G5: Focused on sight reading. | H5: Bass Guitar | I5: FALSE | K5: 005ak00000icyWTAAY | L5: 2026-09-16T16:41:26.000Z | M5: 2026-09-15T17:27:06.000Z | N5: 2026-09-15T17:27:06.000Z | O5: 46092 | P5: LSN-00004 | Q5: L-0000004 | R5: 131ak000001XjDuAAK | S5: FALSE | T5: FALSE | U5: L-0000004 | V5: 19:00:00.000Z | W5: Scheduled | X5: a07ak00001rZMpAAAW | Y5: Mason Wilson | Z5: 2026-09-16T16:41:26.000Z | AA5: =ISNUMBER(SEARCH(";"&Lessons[[#This Row],[Instrument__c]]&";",";"&_xlfn.XLOOKUP(Lessons[[#This Row],[Instructor_External_Id__c]], Instructors[Id], Instructors[Instruments_Taught__c])&";")) -> FALSE | AB5: =IF(LEFT(Lessons[[#This Row],[Status__c]],9)="Cancelled","",Lessons[[#This Row],[Instructor_External_Id__c]]&"|"&TEXT(Lessons[[#This Row],[Lesson_Date__c]],"yyyy-mm-dd")&"|"&Lessons[[#This Row],[Start_Time__c]]) -> a06ak00000amzCFAAY|2026-03-11|19:00:00.000Z | AC5: =IF(Lessons[[#This Row],[Double Booked Key]]="","",COUNTIF(Lessons[Double Booked Key],Lessons[[#This Row],[Double Booked Key]])) -> 1 | AD5: =_xlfn.XLOOKUP(Lessons[[#This Row],[Location_External_Id__c]], Locations[Location Id], Locations[Location Name]) -> Brick | AE5: =TEXT(Lessons[[#This Row],[Lesson_Date__c]], "yyyy-mm") -> 2026-03 | AF5: =IF(Lessons[[#This Row],[Lesson_Date__c]]<=Data_Audit!$F$1, "Yes", "No") -> Yes
A6: 005ak00000icyWTAAY | B6: 2026-09-14T21:01:58.000Z | C6: 45 | D6: a0Aak00000FtDldEAF | E6: a06ak00000amzBvAAI | F6: Caroline Okafor | G6: Worked on scales and timing. | H6: Bass Guitar | I6: FALSE | K6: 005ak00000icyWTAAY | L6: 2026-09-16T17:01:26.000Z | M6: 2026-09-15T17:27:06.000Z | N6: 2026-09-15T17:27:06.000Z | O6: 46146 | P6: LSN-00005 | Q6: L-0000005 | R6: 131ak000001XjDuAAK | S6: FALSE | T6: FALSE | U6: L-0000005 | V6: 16:00:00.000Z | W6: Completed | X6: a07ak00001rZMpAAAW | Y6: Mason Wilson | Z6: 2026-09-16T17:01:26.000Z | AA6: =ISNUMBER(SEARCH(";"&Lessons[[#This Row],[Instrument__c]]&";",";"&_xlfn.XLOOKUP(Lessons[[#This Row],[Instructor_External_Id__c]], Instructors[Id], Instructors[Instruments_Taught__c])&";")) -> TRUE | AB6: =IF(LEFT(Lessons[[#This Row],[Status__c]],9)="Cancelled","",Lessons[[#This Row],[Instructor_External_Id__c]]&"|"&TEXT(Lessons[[#This Row],[Lesson_Date__c]],"yyyy-mm-dd")&"|"&Lessons[[#This Row],[Start_Time__c]]) -> a06ak00000amzBvAAI|2026-05-04|16:00:00.000Z | AC6: =IF(Lessons[[#This Row],[Double Booked Key]]="","",COUNTIF(Lessons[Double Booked Key],Lessons[[#This Row],[Double Booked Key]])) -> 1 | AD6: =_xlfn.XLOOKUP(Lessons[[#This Row],[Location_External_Id__c]], Locations[Location Id], Locations[Location Name]) -> Brick | AE6: =TEXT(Lessons[[#This Row],[Lesson_Date__c]], "yyyy-mm") -> 2026-05 | AF6: =IF(Lessons[[#This Row],[Lesson_Date__c]]<=Data_Audit!$F$1, "Yes", "No") -> Yes
A7: 005ak00000icyWTAAY | B7: 2026-09-14T21:01:58.000Z | C7: 60 | D7: a0Aak00000FtDleEAF | E7: a06ak00000amzBeAAI | F7: Zoey Rodriguez | G7: Good progress on technique. | H7: Cello | I7: FALSE | K7: 005ak00000icyWTAAY | L7: 2026-09-16T17:01:26.000Z | M7: 2026-09-15T17:27:06.000Z | N7: 2026-09-15T17:27:06.000Z | O7: 46267 | P7: LSN-00006 | Q7: L-0000006 | R7: 131ak000001XjDtAAK | S7: FALSE | T7: FALSE | U7: L-0000006 | V7: 10:00:00.000Z | W7: Completed | X7: a07ak00001rZMpBAAW | Y7: Delilah Adams | Z7: 2026-09-16T17:01:26.000Z | AA7: =ISNUMBER(SEARCH(";"&Lessons[[#This Row],[Instrument__c]]&";",";"&_xlfn.XLOOKUP(Lessons[[#This Row],[Instructor_External_Id__c]], Instructors[Id], Instructors[Instruments_Taught__c])&";")) -> TRUE | AB7: =IF(LEFT(Lessons[[#This Row],[Status__c]],9)="Cancelled","",Lessons[[#This Row],[Instructor_External_Id__c]]&"|"&TEXT(Lessons[[#This Row],[Lesson_Date__c]],"yyyy-mm-dd")&"|"&Lessons[[#This Row],[Start_Time__c]]) -> a06ak00000amzBeAAI|2026-09-02|10:00:00.000Z | AC7: =IF(Lessons[[#This Row],[Double Booked Key]]="","",COUNTIF(Lessons[Double Booked Key],Lessons[[#This Row],[Double Booked Key]])) -> 1 | AD7: =_xlfn.XLOOKUP(Lessons[[#This Row],[Location_External_Id__c]], Locations[Location Id], Locations[Location Name]) -> Red Bank | AE7: =TEXT(Lessons[[#This Row],[Lesson_Date__c]], "yyyy-mm") -> 2026-09 | AF7: =IF(Lessons[[#This Row],[Lesson_Date__c]]<=Data_Audit!$F$1, "Yes", "No") -> Yes
A8: 005ak00000icyWTAAY | B8: 2026-09-14T21:01:58.000Z | C8: 60 | D8: a0Aak00000FtDlfEAF | E8: a06ak00000amzBeAAI | F8: Zoey Rodriguez | G8: Reviewed last week&#39;s assignment. | H8: Cello | I8: FALSE | K8: 005ak00000icyWTAAY | L8: 2026-09-16T17:01:26.000Z | M8: 2026-09-15T17:27:06.000Z | N8: 2026-09-15T17:27:06.000Z | O8: 46049 | P8: LSN-00007 | Q8: L-0000007 | R8: 131ak000001XjDtAAK | S8: FALSE | T8: FALSE | U8: L-0000007 | V8: 17:30:00.000Z | W8: Completed | X8: a07ak00001rZMpBAAW | Y8: Delilah Adams | Z8: 2026-09-16T17:01:26.000Z | AA8: =ISNUMBER(SEARCH(";"&Lessons[[#This Row],[Instrument__c]]&";",";"&_xlfn.XLOOKUP(Lessons[[#This Row],[Instructor_External_Id__c]], Instructors[Id], Instructors[Instruments_Taught__c])&";")) -> TRUE | AB8: =IF(LEFT(Lessons[[#This Row],[Status__c]],9)="Cancelled","",Lessons[[#This Row],[Instructor_External_Id__c]]&"|"&TEXT(Lessons[[#This Row],[Lesson_Date__c]],"yyyy-mm-dd")&"|"&Lessons[[#This Row],[Start_Time__c]]) -> a06ak00000amzBeAAI|2026-01-27|17:30:00.000Z | AC8: =IF(Lessons[[#This Row],[Double Booked Key]]="","",COUNTIF(Lessons[Double Booked Key],Lessons[[#This Row],[Double Booked Key]])) -> 1 | AD8: =_xlfn.XLOOKUP(Lessons[[#This Row],[Location_External_Id__c]], Locations[Location Id], Locations[Location Name]) -> Red Bank | AE8: =TEXT(Lessons[[#This Row],[Lesson_Date__c]], "yyyy-mm") -> 2026-01 | AF8: =IF(Lessons[[#This Row],[Lesson_Date__c]]<=Data_Audit!$F$1, "Yes", "No") -> Yes
A9: 005ak00000icyWTAAY | B9: 2026-09-14T21:01:58.000Z | C9: 30 | D9: a0Aak00000FtDlgEAF | E9: a06ak00000amzBeAAI | F9: Zoey Rodriguez | H9: Cello | I9: FALSE | K9: 005ak00000icyWTAAY | L9: 2026-09-16T17:01:26.000Z | M9: 2026-09-15T17:27:06.000Z | N9: 2026-09-15T17:27:06.000Z | O9: 46117 | P9: LSN-00008 | Q9: L-0000008 | R9: 131ak000001XjDtAAK | S9: FALSE | T9: FALSE | U9: L-0000008 | V9: 18:00:00.000Z | W9: No Show | X9: a07ak00001rZMpBAAW | Y9: Delilah Adams | Z9: 2026-09-16T17:01:26.000Z | AA9: =ISNUMBER(SEARCH(";"&Lessons[[#This Row],[Instrument__c]]&";",";"&_xlfn.XLOOKUP(Lessons[[#This Row],[Instructor_External_Id__c]], Instructors[Id], Instructors[Instruments_Taught__c])&";")) -> TRUE | AB9: =IF(LEFT(Lessons[[#This Row],[Status__c]],9)="Cancelled","",Lessons[[#This Row],[Instructor_External_Id__c]]&"|"&TEXT(Lessons[[#This Row],[Lesson_Date__c]],"yyyy-mm-dd")&"|"&Lessons[[#This Row],[Start_Time__c]]) -> a06ak00000amzBeAAI|2026-04-05|18:00:00.000Z | AC9: =IF(Lessons[[#This Row],[Double Booked Key]]="","",COUNTIF(Lessons[Double Booked Key],Lessons[[#This Row],[Double Booked Key]])) -> 1 | AD9: =_xlfn.XLOOKUP(Lessons[[#This Row],[Location_External_Id__c]], Locations[Location Id], Locations[Location Name]) -> Red Bank | AE9: =TEXT(Lessons[[#This Row],[Lesson_Date__c]], "yyyy-mm") -> 2026-04 | AF9: =IF(Lessons[[#This Row],[Lesson_Date__c]]<=Data_Audit!$F$1, "Yes", "No") -> Yes
A10: 005ak00000icyWTAAY | B10: 2026-09-14T21:01:58.000Z | C10: 30 | D10: a0Aak00000FtDlhEAF | E10: a06ak00000amzBeAAI | F10: Zoey Rodriguez | H10: Cello | I10: FALSE | K10: 005ak00000icyWTAAY | L10: 2026-09-16T17:01:26.000Z | M10: 2026-09-15T17:27:06.000Z | N10: 2026-09-15T17:27:06.000Z | O10: 46258 | P10: LSN-00009 | Q10: L-0000009 | R10: 131ak000001XjDtAAK | S10: FALSE | T10: FALSE | U10: L-0000009 | V10: 18:00:00.000Z | W10: No Show | X10: a07ak00001rZMpBAAW | Y10: Delilah Adams | Z10: 2026-09-16T17:01:26.000Z | AA10: =ISNUMBER(SEARCH(";"&Lessons[[#This Row],[Instrument__c]]&";",";"&_xlfn.XLOOKUP(Lessons[[#This Row],[Instructor_External_Id__c]], Instructors[Id], Instructors[Instruments_Taught__c])&";")) -> TRUE | AB10: =IF(LEFT(Lessons[[#This Row],[Status__c]],9)="Cancelled","",Lessons[[#This Row],[Instructor_External_Id__c]]&"|"&TEXT(Lessons[[#This Row],[Lesson_Date__c]],"yyyy-mm-dd")&"|"&Lessons[[#This Row],[Start_Time__c]]) -> a06ak00000amzBeAAI|2026-08-24|18:00:00.000Z | AC10: =IF(Lessons[[#This Row],[Double Booked Key]]="","",COUNTIF(Lessons[Double Booked Key],Lessons[[#This Row],[Double Booked Key]])) -> 1 | AD10: =_xlfn.XLOOKUP(Lessons[[#This Row],[Location_External_Id__c]], Locations[Location Id], Locations[Location Name]) -> Red Bank | AE10: =TEXT(Lessons[[#This Row],[Lesson_Date__c]], "yyyy-mm") -> 2026-08 | AF10: =IF(Lessons[[#This Row],[Lesson_Date__c]]<=Data_Audit!$F$1, "Yes", "No") -> Yes
A11: 005ak00000icyWTAAY | B11: 2026-09-14T21:01:58.000Z | C11: 60 | D11: a0Aak00000FtDliEAF | E11: a06ak00000amzBeAAI | F11: Zoey Rodriguez | H11: Cello | I11: FALSE | K11: 005ak00000icyWTAAY | L11: 2026-09-16T17:01:26.000Z | M11: 2026-09-15T17:27:06.000Z | N11: 2026-09-15T17:27:06.000Z | O11: 46116 | P11: LSN-00010 | Q11: L-0000010 | R11: 131ak000001XjDtAAK | S11: FALSE | T11: FALSE | U11: L-0000010 | V11: 18:30:00.000Z | W11: Cancelled by Student | X11: a07ak00001rZMpBAAW | Y11: Delilah Adams | Z11: 2026-09-16T17:01:26.000Z | AA11: =ISNUMBER(SEARCH(";"&Lessons[[#This Row],[Instrument__c]]&";",";"&_xlfn.XLOOKUP(Lessons[[#This Row],[Instructor_External_Id__c]], Instructors[Id], Instructors[Instruments_Taught__c])&";")) -> TRUE | AB11: =IF(LEFT(Lessons[[#This Row],[Status__c]],9)="Cancelled","",Lessons[[#This Row],[Instructor_External_Id__c]]&"|"&TEXT(Lessons[[#This Row],[Lesson_Date__c]],"yyyy-mm-dd")&"|"&Lessons[[#This Row],[Start_Time__c]]) | AC11: =IF(Lessons[[#This Row],[Double Booked Key]]="","",COUNTIF(Lessons[Double Booked Key],Lessons[[#This Row],[Double Booked Key]])) | AD11: =_xlfn.XLOOKUP(Lessons[[#This Row],[Location_External_Id__c]], Locations[Location Id], Locations[Location Name]) -> Red Bank | AE11: =TEXT(Lessons[[#This Row],[Lesson_Date__c]], "yyyy-mm") -> 2026-04 | AF11: =IF(Lessons[[#This Row],[Lesson_Date__c]]<=Data_Audit!$F$1, "Yes", "No") -> Yes
A12: 005ak00000icyWTAAY | B12: 2026-09-14T21:01:58.000Z | C12: 45 | D12: a0Aak00000FtDljEAF | E12: a06ak00000amzBeAAI | F12: Zoey Rodriguez | G12: Reviewed last week&#39;s assignment. | H12: Cello | I12: FALSE | K12: 005ak00000icyWTAAY | L12: 2026-09-16T17:01:26.000Z | M12: 2026-09-15T17:27:06.000Z | N12: 2026-09-15T17:27:06.000Z | O12: 46109 | P12: LSN-00011 | Q12: L-0000011 | R12: 131ak000001XjDtAAK | S12: FALSE | T12: FALSE | U12: L-0000011 | V12: 18:30:00.000Z | W12: Completed | X12: a07ak00001rZMpBAAW | Y12: Delilah Adams | Z12: 2026-09-16T17:01:26.000Z | AA12: =ISNUMBER(SEARCH(";"&Lessons[[#This Row],[Instrument__c]]&";",";"&_xlfn.XLOOKUP(Lessons[[#This Row],[Instructor_External_Id__c]], Instructors[Id], Instructors[Instruments_Taught__c])&";")) -> TRUE | AB12: =IF(LEFT(Lessons[[#This Row],[Status__c]],9)="Cancelled","",Lessons[[#This Row],[Instructor_External_Id__c]]&"|"&TEXT(Lessons[[#This Row],[Lesson_Date__c]],"yyyy-mm-dd")&"|"&Lessons[[#This Row],[Start_Time__c]]) -> a06ak00000amzBeAAI|2026-03-28|18:30:00.000Z | AC12: =IF(Lessons[[#This Row],[Double Booked Key]]="","",COUNTIF(Lessons[Double Booked Key],Lessons[[#This Row],[Double Booked Key]])) -> 1 | AD12: =_xlfn.XLOOKUP(Lessons[[#This Row],[Location_External_Id__c]], Locations[Location Id], Locations[Location Name]) -> Red Bank | AE12: =TEXT(Lessons[[#This Row],[Lesson_Date__c]], "yyyy-mm") -> 2026-03 | AF12: =IF(Lessons[[#This Row],[Lesson_Date__c]]<=Data_Audit!$F$1, "Yes", "No") -> Yes
A13: 005ak00000icyWTAAY | B13: 2026-09-14T21:01:58.000Z | C13: 45 | D13: a0Aak00000FtDlkEAF | E13: a06ak00000amzBeAAI | F13: Zoey Rodriguez | H13: Cello | I13: FALSE | K13: 005ak00000icyWTAAY | L13: 2026-09-16T17:01:26.000Z | M13: 2026-09-15T17:27:06.000Z | N13: 2026-09-15T17:27:06.000Z | O13: 46287 | P13: LSN-00012 | Q13: L-0000012 | R13: 131ak000001XjDtAAK | S13: TRUE | T13: TRUE | U13: L-0000012 | V13: 15:30:00.000Z | W13: Cancelled by Instructor | X13: a07ak00001rZMpBAAW | Y13: Delilah Adams | Z13: 2026-09-16T17:01:26.000Z | AA13: =ISNUMBER(SEARCH(";"&Lessons[[#This Row],[Instrument__c]]&";",";"&_xlfn.XLOOKUP(Lessons[[#This Row],[Instructor_External_Id__c]], Instructors[Id], Instructors[Instruments_Taught__c])&";")) -> TRUE | AB13: =IF(LEFT(Lessons[[#This Row],[Status__c]],9)="Cancelled","",Lessons[[#This Row],[Instructor_External_Id__c]]&"|"&TEXT(Lessons[[#This Row],[Lesson_Date__c]],"yyyy-mm-dd")&"|"&Lessons[[#This Row],[Start_Time__c]]) | AC13: =IF(Lessons[[#This Row],[Double Booked Key]]="","",COUNTIF(Lessons[Double Booked Key],Lessons[[#This Row],[Double Booked Key]])) | AD13: =_xlfn.XLOOKUP(Lessons[[#This Row],[Location_External_Id__c]], Locations[Location Id], Locations[Location Name]) -> Red Bank | AE13: =TEXT(Lessons[[#This Row],[Lesson_Date__c]], "yyyy-mm") -> 2026-09 | AF13: =IF(Lessons[[#This Row],[Lesson_Date__c]]<=Data_Audit!$F$1, "Yes", "No") -> Yes
A14: 005ak00000icyWTAAY | B14: 2026-09-14T21:01:58.000Z | C14: 60 | D14: a0Aak00000FtDllEAF | E14: a06ak00000amzBeAAI | F14: Zoey Rodriguez | G14: Focused on sight reading. | H14: Cello | I14: FALSE | K14: 005ak00000icyWTAAY | L14: 2026-09-16T17:01:26.000Z | M14: 2026-09-15T17:27:06.000Z | N14: 2026-09-15T17:27:06.000Z | O14: 46197 | P14: LSN-00013 | Q14: L-0000013 | R14: 131ak000001XjDtAAK | S14: FALSE | T14: FALSE | U14: L-0000013 | V14: 15:00:00.000Z | W14: Completed | X14: a07ak00001rZMpBAAW | Y14: Delilah Adams | Z14: 2026-09-16T17:01:26.000Z | AA14: =ISNUMBER(SEARCH(";"&Lessons[[#This Row],[Instrument__c]]&";",";"&_xlfn.XLOOKUP(Lessons[[#This Row],[Instructor_External_Id__c]], Instructors[Id], Instructors[Instruments_Taught__c])&";")) -> TRUE | AB14: =IF(LEFT(Lessons[[#This Row],[Status__c]],9)="Cancelled","",Lessons[[#This Row],[Instructor_External_Id__c]]&"|"&TEXT(Lessons[[#This Row],[Lesson_Date__c]],"yyyy-mm-dd")&"|"&Lessons[[#This Row],[Start_Time__c]]) -> a06ak00000amzBeAAI|2026-06-24|15:00:00.000Z | AC14: =IF(Lessons[[#This Row],[Double Booked Key]]="","",COUNTIF(Lessons[Double Booked Key],Lessons[[#This Row],[Double Booked Key]])) -> 1 | AD14: =_xlfn.XLOOKUP(Lessons[[#This Row],[Location_External_Id__c]], Locations[Location Id], Locations[Location Name]) -> Red Bank | AE14: =TEXT(Lessons[[#This Row],[Lesson_Date__c]], "yyyy-mm") -> 2026-06 | AF14: =IF(Lessons[[#This Row],[Lesson_Date__c]]<=Data_Audit!$F$1, "Yes", "No") -> Yes
A15: 005ak00000icyWTAAY | B15: 2026-09-14T21:01:58.000Z | C15: 30 | D15: a0Aak00000FtDlmEAF | E15: a06ak00000amzBeAAI | F15: Zoey Rodriguez | G15: Worked on scales and timing. | H15: Cello | I15: FALSE | K15: 005ak00000icyWTAAY | L15: 2026-09-16T17:01:26.000Z | M15: 2026-09-15T17:27:06.000Z | N15: 2026-09-15T17:27:06.000Z | O15: 46036 | P15: LSN-00014 | Q15: L-0000014 | R15: 131ak000001XjDtAAK | S15: FALSE | T15: FALSE | U15: L-0000014 | V15: 16:30:00.000Z | W15: Completed | X15: a07ak00001rZMpBAAW | Y15: Delilah Adams | Z15: 2026-09-16T17:01:26.000Z | AA15: =ISNUMBER(SEARCH(";"&Lessons[[#This Row],[Instrument__c]]&";",";"&_xlfn.XLOOKUP(Lessons[[#This Row],[Instructor_External_Id__c]], Instructors[Id], Instructors[Instruments_Taught__c])&";")) -> TRUE | AB15: =IF(LEFT(Lessons[[#This Row],[Status__c]],9)="Cancelled","",Lessons[[#This Row],[Instructor_External_Id__c]]&"|"&TEXT(Lessons[[#This Row],[Lesson_Date__c]],"yyyy-mm-dd")&"|"&Lessons[[#This Row],[Start_Time__c]]) -> a06ak00000amzBeAAI|2026-01-14|16:30:00.000Z | AC15: =IF(Lessons[[#This Row],[Double Booked Key]]="","",COUNTIF(Lessons[Double Booked Key],Lessons[[#This Row],[Double Booked Key]])) -> 1 | AD15: =_xlfn.XLOOKUP(Lessons[[#This Row],[Location_External_Id__c]], Locations[Location Id], Locations[Location Name]) -> Red Bank | AE15: =TEXT(Lessons[[#This Row],[Lesson_Date__c]], "yyyy-mm") -> 2026-01 | AF15: =IF(Lessons[[#This Row],[Lesson_Date__c]]<=Data_Audit!$F$1, "Yes", "No") -> Yes
A16: 005ak00000icyWTAAY | B16: 2026-09-14T21:01:58.000Z | C16: 60 | D16: a0Aak00000FtDlnEAF | E16: a06ak00000amzBhAAI | F16: Layla Sullivan | H16: Ukulele | I16: FALSE | K16: 005ak00000icyWTAAY | L16: 2026-09-16T17:01:26.000Z | M16: 2026-09-15T17:27:06.000Z | N16: 2026-09-15T17:27:06.000Z | O16: 46063 | P16: LSN-00015 | Q16: L-0000015 | R16: 131ak000001XjDvAAK | S16: FALSE | T16: FALSE | U16: L-0000015 | V16: 17:30:00.000Z | W16: Cancelled by Student | X16: a07ak00001rZMpCAAW | Y16: Logan Jackson | Z16: 2026-09-16T17:01:26.000Z | AA16: =ISNUMBER(SEARCH(";"&Lessons[[#This Row],[Instrument__c]]&";",";"&_xlfn.XLOOKUP(Lessons[[#This Row],[Instructor_External_Id__c]], Instructors[Id], Instructors[Instruments_Taught__c])&";")) -> TRUE | AB16: =IF(LEFT(Lessons[[#This Row],[Status__c]],9)="Cancelled","",Lessons[[#This Row],[Instructor_External_Id__c]]&"|"&TEXT(Lessons[[#This Row],[Lesson_Date__c]],"yyyy-mm-dd")&"|"&Lessons[[#This Row],[Start_Time__c]]) | AC16: =IF(Lessons[[#This Row],[Double Booked Key]]="","",COUNTIF(Lessons[Double Booked Key],Lessons[[#This Row],[Double Booked Key]])) | AD16: =_xlfn.XLOOKUP(Lessons[[#This Row],[Location_External_Id__c]], Locations[Location Id], Locations[Location Name]) -> Toms River | AE16: =TEXT(Lessons[[#This Row],[Lesson_Date__c]], "yyyy-mm") -> 2026-02 | AF16: =IF(Lessons[[#This Row],[Lesson_Date__c]]<=Data_Audit!$F$1, "Yes", "No") -> Yes
A17: 005ak00000icyWTAAY | B17: 2026-09-14T21:01:58.000Z | C17: 30 | D17: a0Aak00000FtDloEAF | E17: a06ak00000amzBhAAI | F17: Layla Sullivan | H17: Ukulele | I17: FALSE | K17: 005ak00000icyWTAAY | L17: 2026-09-16T17:01:26.000Z | M17: 2026-09-15T17:27:06.000Z | N17: 2026-09-15T17:27:06.000Z | O17: 46089 | P17: LSN-00016 | Q17: L-0000016 | R17: 131ak000001XjDvAAK | S17: FALSE | T17: FALSE | U17: L-0000016 | V17: 15:00:00.000Z | W17: Cancelled by Student | X17: a07ak00001rZMpCAAW | Y17: Logan Jackson | Z17: 2026-09-16T17:01:26.000Z | AA17: =ISNUMBER(SEARCH(";"&Lessons[[#This Row],[Instrument__c]]&";",";"&_xlfn.XLOOKUP(Lessons[[#This Row],[Instructor_External_Id__c]], Instructors[Id], Instructors[Instruments_Taught__c])&";")) -> TRUE | AB17: =IF(LEFT(Lessons[[#This Row],[Status__c]],9)="Cancelled","",Lessons[[#This Row],[Instructor_External_Id__c]]&"|"&TEXT(Lessons[[#This Row],[Lesson_Date__c]],"yyyy-mm-dd")&"|"&Lessons[[#This Row],[Start_Time__c]]) | AC17: =IF(Lessons[[#This Row],[Double Booked Key]]="","",COUNTIF(Lessons[Double Booked Key],Lessons[[#This Row],[Double Booked Key]])) | AD17: =_xlfn.XLOOKUP(Lessons[[#This Row],[Location_External_Id__c]], Locations[Location Id], Locations[Location Name]) -> Toms River | AE17: =TEXT(Lessons[[#This Row],[Lesson_Date__c]], "yyyy-mm") -> 2026-03 | AF17: =IF(Lessons[[#This Row],[Lesson_Date__c]]<=Data_Audit!$F$1, "Yes", "No") -> Yes
A18: 005ak00000icyWTAAY | B18: 2026-09-14T21:01:58.000Z | C18: 60 | D18: a0Aak00000FtDlpEAF | E18: a06ak00000amzBhAAI | F18: Layla Sullivan | G18: Focused on sight reading. | H18: Ukulele | I18: FALSE | K18: 005ak00000icyWTAAY | L18: 2026-09-16T17:01:26.000Z | M18: 2026-09-15T17:27:06.000Z | N18: 2026-09-15T17:27:06.000Z | O18: 46160 | P18: LSN-00017 | Q18: L-0000017 | R18: 131ak000001XjDvAAK | S18: FALSE | T18: FALSE | U18: L-0000017 | V18: 17:00:00.000Z | W18: Completed | X18: a07ak00001rZMpCAAW | Y18: Logan Jackson | Z18: 2026-09-16T17:01:26.000Z | AA18: =ISNUMBER(SEARCH(";"&Lessons[[#This Row],[Instrument__c]]&";",";"&_xlfn.XLOOKUP(Lessons[[#This Row],[Instructor_External_Id__c]], Instructors[Id], Instructors[Instruments_Taught__c])&";")) -> TRUE | AB18: =IF(LEFT(Lessons[[#This Row],[Status__c]],9)="Cancelled","",Lessons[[#This Row],[Instructor_External_Id__c]]&"|"&TEXT(Lessons[[#This Row],[Lesson_Date__c]],"yyyy-mm-dd")&"|"&Lessons[[#This Row],[Start_Time__c]]) -> a06ak00000amzBhAAI|2026-05-18|17:00:00.000Z | AC18: =IF(Lessons[[#This Row],[Double Booked Key]]="","",COUNTIF(Lessons[Double Booked Key],Lessons[[#This Row],[Double Booked Key]])) -> 1 | AD18: =_xlfn.XLOOKUP(Lessons[[#This Row],[Location_External_Id__c]], Locations[Location Id], Locations[Location Name]) -> Toms River | AE18: =TEXT(Lessons[[#This Row],[Lesson_Date__c]], "yyyy-mm") -> 2026-05 | AF18: =IF(Lessons[[#This Row],[Lesson_Date__c]]<=Data_Audit!$F$1, "Yes", "No") -> Yes
A19: 005ak00000icyWTAAY | B19: 2026-09-14T21:01:58.000Z | C19: 45 | D19: a0Aak00000FtDlqEAF | E19: a06ak00000amzBhAAI | F19: Layla Sullivan | H19: Ukulele | I19: FALSE | K19: 005ak00000icyWTAAY | L19: 2026-09-16T17:01:26.000Z | M19: 2026-09-16T16:49:23.000Z | N19: 2026-09-16T16:49:23.000Z | O19: 46239 | P19: LSN-00018 | Q19: L-0000018 | R19: 131ak000001XjDvAAK | S19: FALSE | T19: FALSE | U19: L-0000018 | V19: 19:00:00.000Z | W19: Completed | X19: a07ak00001rZMpCAAW | Y19: Logan Jackson | Z19: 2026-09-16T17:01:26.000Z | AA19: =ISNUMBER(SEARCH(";"&Lessons[[#This Row],[Instrument__c]]&";",";"&_xlfn.XLOOKUP(Lessons[[#This Row],[Instructor_External_Id__c]], Instructors[Id], Instructors[Instruments_Taught__c])&";")) -> TRUE | AB19: =IF(LEFT(Lessons[[#This Row],[Status__c]],9)="Cancelled","",Lessons[[#This Row],[Instructor_External_Id__c]]&"|"&TEXT(Lessons[[#This Row],[Lesson_Date__c]],"yyyy-mm-dd")&"|"&Lessons[[#This Row],[Start_Time__c]]) -> a06ak00000amzBhAAI|2026-08-05|19:00:00.000Z | AC19: =IF(Lessons[[#This Row],[Double Booked Key]]="","",COUNTIF(Lessons[Double Booked Key],Lessons[[#This Row],[Double Booked Key]])) -> 1 | AD19: =_xlfn.XLOOKUP(Lessons[[#This Row],[Location_External_Id__c]], Locations[Location Id], Locations[Location Name]) -> Toms River | AE19: =TEXT(Lessons[[#This Row],[Lesson_Date__c]], "yyyy-mm") -> 2026-08 | AF19: =IF(Lessons[[#This Row],[Lesson_Date__c]]<=Data_Audit!$F$1, "Yes", "No") -> Yes
A20: 005ak00000icyWTAAY | B20: 2026-09-14T21:01:58.000Z | C20: 60 | D20: a0Aak00000FtDlrEAF | E20: a06ak00000amzBhAAI | F20: Layla Sullivan | G20: Started new piece. | H20: Ukulele | I20: FALSE | K20: 005ak00000icyWTAAY | L20: 2026-09-16T17:01:26.000Z | M20: 2026-09-15T17:27:06.000Z | N20: 2026-09-15T17:27:06.000Z | O20: 46214 | P20: LSN-00019 | Q20: L-0000019 | R20: 131ak000001XjDvAAK | S20: FALSE | T20: FALSE | U20: L-0000019 | V20: 17:30:00.000Z | W20: Completed | X20: a07ak00001rZMpCAAW | Y20: Logan Jackson | Z20: 2026-09-16T17:01:26.000Z | AA20: =ISNUMBER(SEARCH(";"&Lessons[[#This Row],[Instrument__c]]&";",";"&_xlfn.XLOOKUP(Lessons[[#This Row],[Instructor_External_Id__c]], Instructors[Id], Instructors[Instruments_Taught__c])&";")) -> TRUE | AB20: =IF(LEFT(Lessons[[#This Row],[Status__c]],9)="Cancelled","",Lessons[[#This Row],[Instructor_External_Id__c]]&"|"&TEXT(Lessons[[#This Row],[Lesson_Date__c]],"yyyy-mm-dd")&"|"&Lessons[[#This Row],[Start_Time__c]]) -> a06ak00000amzBhAAI|2026-07-11|17:30:00.000Z | AC20: =IF(Lessons[[#This Row],[Double Booked Key]]="","",COUNTIF(Lessons[Double Booked Key],Lessons[[#This Row],[Double Booked Key]])) -> 1 | AD20: =_xlfn.XLOOKUP(Lessons[[#This Row],[Location_External_Id__c]], Locations[Location Id], Locations[Location Name]) -> Toms River | AE20: =TEXT(Lessons[[#This Row],[Lesson_Date__c]], "yyyy-mm") -> 2026-07 | AF20: =IF(Lessons[[#This Row],[Lesson_Date__c]]<=Data_Audit!$F$1, "Yes", "No") -> Yes
A21: 005ak00000icyWTAAY | B21: 2026-09-14T21:01:58.000Z | C21: 45 | D21: a0Aak00000FtDlsEAF | E21: a06ak00000amzBhAAI | F21: Layla Sullivan | G21: Good progress on technique. | H21: Ukulele | I21: FALSE | K21: 005ak00000icyWTAAY | L21: 2026-09-16T17:01:26.000Z | M21: 2026-09-15T17:27:06.000Z | N21: 2026-09-15T17:27:06.000Z | O21: 46193 | P21: LSN-00020 | Q21: L-0000020 | R21: 131ak000001XjDvAAK | S21: FALSE | T21: FALSE | U21: L-0000020 | V21: 16:30:00.000Z | W21: Completed | X21: a07ak00001rZMpCAAW | Y21: Logan Jackson | Z21: 2026-09-16T17:01:26.000Z | AA21: =ISNUMBER(SEARCH(";"&Lessons[[#This Row],[Instrument__c]]&";",";"&_xlfn.XLOOKUP(Lessons[[#This Row],[Instructor_External_Id__c]], Instructors[Id], Instructors[Instruments_Taught__c])&";")) -> TRUE | AB21: =IF(LEFT(Lessons[[#This Row],[Status__c]],9)="Cancelled","",Lessons[[#This Row],[Instructor_External_Id__c]]&"|"&TEXT(Lessons[[#This Row],[Lesson_Date__c]],"yyyy-mm-dd")&"|"&Lessons[[#This Row],[Start_Time__c]]) -> a06ak00000amzBhAAI|2026-06-20|16:30:00.000Z | AC21: =IF(Lessons[[#This Row],[Double Booked Key]]="","",COUNTIF(Lessons[Double Booked Key],Lessons[[#This Row],[Double Booked Key]])) -> 1 | AD21: =_xlfn.XLOOKUP(Lessons[[#This Row],[Location_External_Id__c]], Locations[Location Id], Locations[Location Name]) -> Toms River | AE21: =TEXT(Lessons[[#This Row],[Lesson_Date__c]], "yyyy-mm") -> 2026-06 | AF21: =IF(Lessons[[#This Row],[Lesson_Date__c]]<=Data_Audit!$F$1, "Yes", "No") -> Yes
A22: 005ak00000icyWTAAY | B22: 2026-09-14T21:01:58.000Z | C22: 60 | D22: a0Aak00000FtDltEAF | E22: a06ak00000amzBhAAI | F22: Layla Sullivan | H22: Ukulele | I22: FALSE | K22: 005ak00000icyWTAAY | L22: 2026-09-25T18:00:49.000Z | M22: 2026-09-15T17:27:06.000Z | N22: 2026-09-15T17:27:06.000Z | O22: 46242 | P22: LSN-00021 | Q22: L-0000021 | R22: 131ak000001XjDvAAK | S22: TRUE | T22: TRUE | U22: L-0000021 | V22: 16:00:00.000Z | W22: Cancelled by Instructor | X22: a07ak00001rZMpCAAW | Y22: Logan Jackson | Z22: 2026-09-25T18:00:49.000Z | AA22: =ISNUMBER(SEARCH(";"&Lessons[[#This Row],[Instrument__c]]&";",";"&_xlfn.XLOOKUP(Lessons[[#This Row],[Instructor_External_Id__c]], Instructors[Id], Instructors[Instruments_Taught__c])&";")) -> TRUE | AB22: =IF(LEFT(Lessons[[#This Row],[Status__c]],9)="Cancelled","",Lessons[[#This Row],[Instructor_External_Id__c]]&"|"&TEXT(Lessons[[#This Row],[Lesson_Date__c]],"yyyy-mm-dd")&"|"&Lessons[[#This Row],[Start_Time__c]]) | AC22: =IF(Lessons[[#This Row],[Double Booked Key]]="","",COUNTIF(Lessons[Double Booked Key],Lessons[[#This Row],[Double Booked Key]])) | AD22: =_xlfn.XLOOKUP(Lessons[[#This Row],[Location_External_Id__c]], Locations[Location Id], Locations[Location Name]) -> Toms River | AE22: =TEXT(Lessons[[#This Row],[Lesson_Date__c]], "yyyy-mm") -> 2026-08 | AF22: =IF(Lessons[[#This Row],[Lesson_Date__c]]<=Data_Audit!$F$1, "Yes", "No") -> Yes
A23: 005ak00000icyWTAAY | B23: 2026-09-14T21:01:58.000Z | C23: 45 | D23: a0Aak00000FtDluEAF | E23: a06ak00000amzBhAAI | F23: Layla Sullivan | G23: Worked on scales and timing. | H23: Ukulele | I23: FALSE | K23: 005ak00000icyWTAAY | L23: 2026-09-16T17:01:26.000Z | M23: 2026-09-15T17:27:06.000Z | N23: 2026-09-15T17:27:06.000Z | O23: 46255 | P23: LSN-00022 | Q23: L-0000022 | R23: 131ak000001XjDvAAK | S23: FALSE | T23: FALSE | U23: L-0000022 | V23: 11:00:00.000Z | W23: Completed | X23: a07ak00001rZMpCAAW | Y23: Logan Jackson | Z23: 2026-09-16T17:01:26.000Z | AA23: =ISNUMBER(SEARCH(";"&Lessons[[#This Row],[Instrument__c]]&";",";"&_xlfn.XLOOKUP(Lessons[[#This Row],[Instructor_External_Id__c]], Instructors[Id], Instructors[Instruments_Taught__c])&";")) -> TRUE | AB23: =IF(LEFT(Lessons[[#This Row],[Status__c]],9)="Cancelled","",Lessons[[#This Row],[Instructor_External_Id__c]]&"|"&TEXT(Lessons[[#This Row],[Lesson_Date__c]],"yyyy-mm-dd")&"|"&Lessons[[#This Row],[Start_Time__c]]) -> a06ak00000amzBhAAI|2026-08-21|11:00:00.000Z | AC23: =IF(Lessons[[#This Row],[Double Booked Key]]="","",COUNTIF(Lessons[Double Booked Key],Lessons[[#This Row],[Double Booked Key]])) -> 1 | AD23: =_xlfn.XLOOKUP(Lessons[[#This Row],[Location_External_Id__c]], Locations[Location Id], Locations[Location Name]) -> Toms River | AE23: =TEXT(Lessons[[#This Row],[Lesson_Date__c]], "yyyy-mm") -> 2026-08 | AF23: =IF(Lessons[[#This Row],[Lesson_Date__c]]<=Data_Audit!$F$1, "Yes", "No") -> Yes
A24: 005ak00000icyWTAAY | B24: 2026-09-14T21:01:58.000Z | C24: 45 | D24: a0Aak00000FtDlvEAF | E24: a06ak00000amzBhAAI | F24: Layla Sullivan | G24: Worked on scales and timing. | H24: Ukulele | I24: FALSE | K24: 005ak00000icyWTAAY | L24: 2026-09-16T17:01:26.000Z | M24: 2026-09-15T17:27:06.000Z | N24: 2026-09-15T17:27:06.000Z | O24: 46031 | P24: LSN-00023 | Q24: L-0000023 | R24: 131ak000001XjDvAAK | S24: FALSE | T24: FALSE | U24: L-0000023 | V24: 10:00:00.000Z | W24: Completed | X24: a07ak00001rZMpCAAW | Y24: Logan Jackson | Z24: 2026-09-16T17:01:26.000Z | AA24: =ISNUMBER(SEARCH(";"&Lessons[[#This Row],[Instrument__c]]&";",";"&_xlfn.XLOOKUP(Lessons[[#This Row],[Instructor_External_Id__c]], Instructors[Id], Instructors[Instruments_Taught__c])&";")) -> TRUE | AB24: =IF(LEFT(Lessons[[#This Row],[Status__c]],9)="Cancelled","",Lessons[[#This Row],[Instructor_External_Id__c]]&"|"&TEXT(Lessons[[#This Row],[Lesson_Date__c]],"yyyy-mm-dd")&"|"&Lessons[[#This Row],[Start_Time__c]]) -> a06ak00000amzBhAAI|2026-01-09|10:00:00.000Z | AC24: =IF(Lessons[[#This Row],[Double Booked Key]]="","",COUNTIF(Lessons[Double Booked Key],Lessons[[#This Row],[Double Booked Key]])) -> 1 | AD24: =_xlfn.XLOOKUP(Lessons[[#This Row],[Location_External_Id__c]], Locations[Location Id], Locations[Location Name]) -> Toms River | AE24: =TEXT(Lessons[[#This Row],[Lesson_Date__c]], "yyyy-mm") -> 2026-01 | AF24: =IF(Lessons[[#This Row],[Lesson_Date__c]]<=Data_Audit!$F$1, "Yes", "No") -> Yes
A25: 005ak00000icyWTAAY | B25: 2026-09-14T21:01:58.000Z | C25: 60 | D25: a0Aak00000FtDlwEAF | E25: a06ak00000amzBgAAI | F25: Noah Mitchell | H25: Bass Guitar | I25: FALSE | K25: 005ak00000icyWTAAY | L25: 2026-09-25T18:00:49.000Z | M25: 2026-09-15T17:27:06.000Z | N25: 2026-09-15T17:27:06.000Z | O25: 46130 | P25: LSN-00024 | Q25: L-0000024 | R25: 131ak000001XjDuAAK | S25: TRUE | T25: TRUE | U25: L-0000024 | V25: 10:00:00.000Z | W25: Cancelled by Instructor | X25: a07ak00001rZMpDAAW | Y25: Mei Thompson | Z25: 2026-09-25T18:00:49.000Z | AA25: =ISNUMBER(SEARCH(";"&Lessons[[#This Row],[Instrument__c]]&";",";"&_xlfn.XLOOKUP(Lessons[[#This Row],[Instructor_External_Id__c]], Instructors[Id], Instructors[Instruments_Taught__c])&";")) -> TRUE | AB25: =IF(LEFT(Lessons[[#This Row],[Status__c]],9)="Cancelled","",Lessons[[#This Row],[Instructor_External_Id__c]]&"|"&TEXT(Lessons[[#This Row],[Lesson_Date__c]],"yyyy-mm-dd")&"|"&Lessons[[#This Row],[Start_Time__c]]) | AC25: =IF(Lessons[[#This Row],[Double Booked Key]]="","",COUNTIF(Lessons[Double Booked Key],Lessons[[#This Row],[Double Booked Key]])) | AD25: =_xlfn.XLOOKUP(Lessons[[#This Row],[Location_External_Id__c]], Locations[Location Id], Locations[Location Name]) -> Brick | AE25: =TEXT(Lessons[[#This Row],[Lesson_Date__c]], "yyyy-mm") -> 2026-04 | AF25: =IF(Lessons[[#This Row],[Lesson_Date__c]]<=Data_Audit!$F$1, "Yes", "No") -> Yes
A26: 005ak00000icyWTAAY | B26: 2026-09-14T21:01:58.000Z | C26: 45 | D26: a0Aak00000FtDlxEAF | E26: a06ak00000amzBgAAI | F26: Noah Mitchell | G26: Started new piece. | H26: Bass Guitar | I26: FALSE | K26: 005ak00000icyWTAAY | L26: 2026-09-16T17:01:26.000Z | M26: 2026-09-15T17:27:06.000Z | N26: 2026-09-15T17:27:06.000Z | O26: 46290 | P26: LSN-00025 | Q26: L-0000025 | R26: 131ak000001XjDuAAK | S26: FALSE | T26: FALSE | U26: L-0000025 | V26: 16:00:00.000Z | W26: Completed | X26: a07ak00001rZMpDAAW | Y26: Mei Thompson | Z26: 2026-09-16T17:01:26.000Z | AA26: =ISNUMBER(SEARCH(";"&Lessons[[#This Row],[Instrument__c]]&";",";"&_xlfn.XLOOKUP(Lessons[[#This Row],[Instructor_External_Id__c]], Instructors[Id], Instructors[Instruments_Taught__c])&";")) -> TRUE | AB26: =IF(LEFT(Lessons[[#This Row],[Status__c]],9)="Cancelled","",Lessons[[#This Row],[Instructor_External_Id__c]]&"|"&TEXT(Lessons[[#This Row],[Lesson_Date__c]],"yyyy-mm-dd")&"|"&Lessons[[#This Row],[Start_Time__c]]) -> a06ak00000amzBgAAI|2026-09-25|16:00:00.000Z | AC26: =IF(Lessons[[#This Row],[Double Booked Key]]="","",COUNTIF(Lessons[Double Booked Key],Lessons[[#This Row],[Double Booked Key]])) -> 1 | AD26: =_xlfn.XLOOKUP(Lessons[[#This Row],[Location_External_Id__c]], Locations[Location Id], Locations[Location Name]) -> Brick | AE26: =TEXT(Lessons[[#This Row],[Lesson_Date__c]], "yyyy-mm") -> 2026-09 | AF26: =IF(Lessons[[#This Row],[Lesson_Date__c]]<=Data_Audit!$F$1, "Yes", "No") -> Yes
A27: 005ak00000icyWTAAY | B27: 2026-09-14T21:01:58.000Z | C27: 30 | D27: a0Aak00000FtDlyEAF | E27: a06ak00000amzBgAAI | F27: Noah Mitchell | G27: Worked on scales and timing. | H27: Bass Guitar | I27: FALSE | K27: 005ak00000icyWTAAY | L27: 2026-09-16T17:01:26.000Z | M27: 2026-09-15T17:27:06.000Z | N27: 2026-09-15T17:27:06.000Z | O27: 46212 | P27: LSN-00026 | Q27: L-0000026 | R27: 131ak000001XjDuAAK | S27: FALSE | T27: FALSE | U27: L-0000026 | V27: 16:00:00.000Z | W27: Completed | X27: a07ak00001rZMpDAAW | Y27: Mei Thompson | Z27: 2026-09-16T17:01:26.000Z | AA27: =ISNUMBER(SEARCH(";"&Lessons[[#This Row],[Instrument__c]]&";",";"&_xlfn.XLOOKUP(Lessons[[#This Row],[Instructor_External_Id__c]], Instructors[Id], Instructors[Instruments_Taught__c])&";")) -> TRUE | AB27: =IF(LEFT(Lessons[[#This Row],[Status__c]],9)="Cancelled","",Lessons[[#This Row],[Instructor_External_Id__c]]&"|"&TEXT(Lessons[[#This Row],[Lesson_Date__c]],"yyyy-mm-dd")&"|"&Lessons[[#This Row],[Start_Time__c]]) -> a06ak00000amzBgAAI|2026-07-09|16:00:00.000Z | AC27: =IF(Lessons[[#This Row],[Double Booked Key]]="","",COUNTIF(Lessons[Double Booked Key],Lessons[[#This Row],[Double Booked Key]])) -> 1 | AD27: =_xlfn.XLOOKUP(Lessons[[#This Row],[Location_External_Id__c]], Locations[Location Id], Locations[Location Name]) -> Brick | AE27: =TEXT(Lessons[[#This Row],[Lesson_Date__c]], "yyyy-mm") -> 2026-07 | AF27: =IF(Lessons[[#This Row],[Lesson_Date__c]]<=Data_Audit!$F$1, "Yes", "No") -> Yes
A28: 005ak00000icyWTAAY | B28: 2026-09-14T21:01:58.000Z | C28: 45 | D28: a0Aak00000FtDlzEAF | E28: a06ak00000amzBgAAI | F28: Noah Mitchell | G28: Worked on scales and timing. | H28: Bass Guitar | I28: FALSE | K28: 005ak00000icyWTAAY | L28: 2026-09-16T17:01:26.000Z | M28: 2026-09-15T17:27:06.000Z | N28: 2026-09-15T17:27:06.000Z | O28: 46240 | P28: LSN-00027 | Q28: L-0000027 | R28: 131ak000001XjDuAAK | S28: FALSE | T28: FALSE | U28: L-0000027 | V28: 15:00:00.000Z | W28: Completed | X28: a07ak00001rZMpDAAW | Y28: Mei Thompson | Z28: 2026-09-16T17:01:26.000Z | AA28: =ISNUMBER(SEARCH(";"&Lessons[[#This Row],[Instrument__c]]&";",";"&_xlfn.XLOOKUP(Lessons[[#This Row],[Instructor_External_Id__c]], Instructors[Id], Instructors[Instruments_Taught__c])&";")) -> TRUE | AB28: =IF(LEFT(Lessons[[#This Row],[Status__c]],9)="Cancelled","",Lessons[[#This Row],[Instructor_External_Id__c]]&"|"&TEXT(Lessons[[#This Row],[Lesson_Date__c]],"yyyy-mm-dd")&"|"&Lessons[[#This Row],[Start_Time__c]]) -> a06ak00000amzBgAAI|2026-08-06|15:00:00.000Z | AC28: =IF(Lessons[[#This Row],[Double Booked Key]]="","",COUNTIF(Lessons[Double Booked Key],Lessons[[#This Row],[Double Booked Key]])) -> 1 | AD28: =_xlfn.XLOOKUP(Lessons[[#This Row],[Location_External_Id__c]], Locations[Location Id], Locations[Location Name]) -> Brick | AE28: =TEXT(Lessons[[#This Row],[Lesson_Date__c]], "yyyy-mm") -> 2026-08 | AF28: =IF(Lessons[[#This Row],[Lesson_Date__c]]<=Data_Audit!$F$1, "Yes", "No") -> Yes
A29: 005ak00000icyWTAAY | B29: 2026-09-14T21:01:58.000Z | C29: 45 | D29: a0Aak00000FtDm0EAF | E29: a06ak00000amzBgAAI | F29: Noah Mitchell | G29: Reviewed last week&#39;s assignment. | H29: Bass Guitar | I29: FALSE | K29: 005ak00000icyWTAAY | L29: 2026-09-16T17:01:26.000Z | M29: 2026-09-15T17:27:06.000Z | N29: 2026-09-15T17:27:06.000Z | O29: 46292 | P29: LSN-00028 | Q29: L-0000028 | R29: 131ak000001XjDuAAK | S29: FALSE | T29: FALSE | U29: L-0000028 | V29: 10:00:00.000Z | W29: Completed | X29: a07ak00001rZMpDAAW | Y29: Mei Thompson | Z29: 2026-09-16T17:01:26.000Z | AA29: =ISNUMBER(SEARCH(";"&Lessons[[#This Row],[Instrument__c]]&";",";"&_xlfn.XLOOKUP(Lessons[[#This Row],[Instructor_External_Id__c]], Instructors[Id], Instructors[Instruments_Taught__c])&";")) -> TRUE | AB29: =IF(LEFT(Lessons[[#This Row],[Status__c]],9)="Cancelled","",Lessons[[#This Row],[Instructor_External_Id__c]]&"|"&TEXT(Lessons[[#This Row],[Lesson_Date__c]],"yyyy-mm-dd")&"|"&Lessons[[#This Row],[Start_Time__c]]) -> a06ak00000amzBgAAI|2026-09-27|10:00:00.000Z | AC29: =IF(Lessons[[#This Row],[Double Booked Key]]="","",COUNTIF(Lessons[Double Booked Key],Lessons[[#This Row],[Double Booked Key]])) -> 1 | AD29: =_xlfn.XLOOKUP(Lessons[[#This Row],[Location_External_Id__c]], Locations[Location Id], Locations[Location Name]) -> Brick | AE29: =TEXT(Lessons[[#This Row],[Lesson_Date__c]], "yyyy-mm") -> 2026-09 | AF29: =IF(Lessons[[#This Row],[Lesson_Date__c]]<=Data_Audit!$F$1, "Yes", "No") -> Yes
A30: 005ak00000icyWTAAY | B30: 2026-09-14T21:01:58.000Z | C30: 45 | D30: a0Aak00000FtDm1EAF | E30: a06ak00000amzBgAAI | F30: Noah Mitchell | G30: Started new piece. | H30: Bass Guitar | I30: FALSE | K30: 005ak00000icyWTAAY | L30: 2026-09-16T17:01:26.000Z | M30: 2026-09-15T17:27:06.000Z | N30: 2026-09-15T17:27:06.000Z | O30: 46041 | P30: LSN-00029 | Q30: L-0000029 | R30: 131ak000001XjDuAAK | S30: FALSE | T30: FALSE | U30: L-0000029 | V30: 17:00:00.000Z | W30: Completed | X30: a07ak00001rZMpDAAW | Y30: Mei Thompson | Z30: 2026-09-16T17:01:26.000Z | AA30: =ISNUMBER(SEARCH(";"&Lessons[[#This Row],[Instrument__c]]&";",";"&_xlfn.XLOOKUP(Lessons[[#This Row],[Instructor_External_Id__c]], Instructors[Id], Instructors[Instruments_Taught__c])&";")) -> TRUE | AB30: =IF(LEFT(Lessons[[#This Row],[Status__c]],9)="Cancelled","",Lessons[[#This Row],[Instructor_External_Id__c]]&"|"&TEXT(Lessons[[#This Row],[Lesson_Date__c]],"yyyy-mm-dd")&"|"&Lessons[[#This Row],[Start_Time__c]]) -> a06ak00000amzBgAAI|2026-01-19|17:00:00.000Z | AC30: =IF(Lessons[[#This Row],[Double Booked Key]]="","",COUNTIF(Lessons[Double Booked Key],Lessons[[#This Row],[Double Booked Key]])) -> 1 | AD30: =_xlfn.XLOOKUP(Lessons[[#This Row],[Location_External_Id__c]], Locations[Location Id], Locations[Location Name]) -> Brick | AE30: =TEXT(Lessons[[#This Row],[Lesson_Date__c]], "yyyy-mm") -> 2026-01 | AF30: =IF(Lessons[[#This Row],[Lesson_Date__c]]<=Data_Audit!$F$1, "Yes", "No") -> Yes
A31: 005ak00000icyWTAAY | B31: 2026-09-14T21:01:58.000Z | C31: 30 | D31: a0Aak00000FtDm2EAF | E31: a06ak00000amzCJAAY | F31: Sofia Harris | H31: Violin | I31: FALSE | K31: 005ak00000icyWTAAY | L31: 2026-09-16T17:01:26.000Z | M31: 2026-09-15T17:27:06.000Z | N31: 2026-09-15T17:27:06.000Z | O31: 46157 | P31: LSN-00030 | Q31: L-0000030 | R31: 131ak000001XjDvAAK | S31: FALSE | T31: FALSE | U31: L-0000030 | V31: 15:00:00.000Z | W31: No Show | X31: a07ak00001rZMpEAAW | Y31: Kennedy Sullivan | Z31: 2026-09-16T17:01:26.000Z | AA31: =ISNUMBER(SEARCH(";"&Lessons[[#This Row],[Instrument__c]]&";",";"&_xlfn.XLOOKUP(Lessons[[#This Row],[Instructor_External_Id__c]], Instructors[Id], Instructors[Instruments_Taught__c])&";")) -> TRUE | AB31: =IF(LEFT(Lessons[[#This Row],[Status__c]],9)="Cancelled","",Lessons[[#This Row],[Instructor_External_Id__c]]&"|"&TEXT(Lessons[[#This Row],[Lesson_Date__c]],"yyyy-mm-dd")&"|"&Lessons[[#This Row],[Start_Time__c]]) -> a06ak00000amzCJAAY|2026-05-15|15:00:00.000Z | AC31: =IF(Lessons[[#This Row],[Double Booked Key]]="","",COUNTIF(Lessons[Double Booked Key],Lessons[[#This Row],[Double Booked Key]])) -> 1 | AD31: =_xlfn.XLOOKUP(Lessons[[#This Row],[Location_External_Id__c]], Locations[Location Id], Locations[Location Name]) -> Toms River | AE31: =TEXT(Lessons[[#This Row],[Lesson_Date__c]], "yyyy-mm") -> 2026-05 | AF31: =IF(Lessons[[#This Row],[Lesson_Date__c]]<=Data_Audit!$F$1, "Yes", "No") -> Yes
A32: 005ak00000icyWTAAY | B32: 2026-09-14T21:01:58.000Z | C32: 30 | D32: a0Aak00000FtDm3EAF | E32: a06ak00000amzCJAAY | F32: Sofia Harris | G32: Reviewed last week&#39;s assignment. | H32: Violin | I32: FALSE | K32: 005ak00000icyWTAAY | L32: 2026-09-16T17:01:26.000Z | M32: 2026-09-15T17:27:06.000Z | N32: 2026-09-15T17:27:06.000Z | O32: 46057 | P32: LSN-00031 | Q32: L-0000031 | R32: 131ak000001XjDvAAK | S32: FALSE | T32: FALSE | U32: L-0000031 | V32: 17:00:00.000Z | W32: Completed | X32: a07ak00001rZMpEAAW | Y32: Kennedy Sullivan | Z32: 2026-09-16T17:01:26.000Z | AA32: =ISNUMBER(SEARCH(";"&Lessons[[#This Row],[Instrument__c]]&";",";"&_xlfn.XLOOKUP(Lessons[[#This Row],[Instructor_External_Id__c]], Instructors[Id], Instructors[Instruments_Taught__c])&";")) -> TRUE | AB32: =IF(LEFT(Lessons[[#This Row],[Status__c]],9)="Cancelled","",Lessons[[#This Row],[Instructor_External_Id__c]]&"|"&TEXT(Lessons[[#This Row],[Lesson_Date__c]],"yyyy-mm-dd")&"|"&Lessons[[#This Row],[Start_Time__c]]) -> a06ak00000amzCJAAY|2026-02-04|17:00:00.000Z | AC32: =IF(Lessons[[#This Row],[Double Booked Key]]="","",COUNTIF(Lessons[Double Booked Key],Lessons[[#This Row],[Double Booked Key]])) -> 1 | AD32: =_xlfn.XLOOKUP(Lessons[[#This Row],[Location_External_Id__c]], Locations[Location Id], Locations[Location Name]) -> Toms River | AE32: =TEXT(Lessons[[#This Row],[Lesson_Date__c]], "yyyy-mm") -> 2026-02 | AF32: =IF(Lessons[[#This Row],[Lesson_Date__c]]<=Data_Audit!$F$1, "Yes", "No") -> Yes
A33: 005ak00000icyWTAAY | B33: 2026-09-14T21:01:58.000Z | C33: 60 | D33: a0Aak00000FtDm4EAF | E33: a06ak00000amzCJAAY | F33: Sofia Harris | G33: Reviewed last week&#39;s assignment. | H33: Violin | I33: FALSE | K33: 005ak00000icyWTAAY | L33: 2026-09-16T17:01:26.000Z | M33: 2026-09-15T17:27:06.000Z | N33: 2026-09-15T17:27:06.000Z | O33: 46159 | P33: LSN-00032 | Q33: L-0000032 | R33: 131ak000001XjDvAAK | S33: FALSE | T33: FALSE | U33: L-0000032 | V33: 11:00:00.000Z | W33: Completed | X33: a07ak00001rZMpEAAW | Y33: Kennedy Sullivan | Z33: 2026-09-16T17:01:26.000Z | AA33: =ISNUMBER(SEARCH(";"&Lessons[[#This Row],[Instrument__c]]&";",";"&_xlfn.XLOOKUP(Lessons[[#This Row],[Instructor_External_Id__c]], Instructors[Id], Instructors[Instruments_Taught__c])&";")) -> TRUE | AB33: =IF(LEFT(Lessons[[#This Row],[Status__c]],9)="Cancelled","",Lessons[[#This Row],[Instructor_External_Id__c]]&"|"&TEXT(Lessons[[#This Row],[Lesson_Date__c]],"yyyy-mm-dd")&"|"&Lessons[[#This Row],[Start_Time__c]]) -> a06ak00000amzCJAAY|2026-05-17|11:00:00.000Z | AC33: =IF(Lessons[[#This Row],[Double Booked Key]]="","",COUNTIF(Lessons[Double Booked Key],Lessons[[#This Row],[Double Booked Key]])) -> 1 | AD33: =_xlfn.XLOOKUP(Lessons[[#This Row],[Location_External_Id__c]], Locations[Location Id], Locations[Location Name]) -> Toms River | AE33: =TEXT(Lessons[[#This Row],[Lesson_Date__c]], "yyyy-mm") -> 2026-05 | AF33: =IF(Lessons[[#This Row],[Lesson_Date__c]]<=Data_Audit!$F$1, "Yes", "No") -> Yes
A34: 005ak00000icyWTAAY | B34: 2026-09-14T21:01:58.000Z | C34: 30 | D34: a0Aak00000FtDm5EAF | E34: a06ak00000amzCJAAY | F34: Sofia Harris | H34: Violin | I34: FALSE | K34: 005ak00000icyWTAAY | L34: 2026-09-16T17:01:26.000Z | M34: 2026-09-15T17:27:06.000Z | N34: 2026-09-15T17:27:06.000Z | O34: 46195 | P34: LSN-00033 | Q34: L-0000033 | R34: 131ak000001XjDvAAK | S34: FALSE | T34: FALSE | U34: L-0000033 | V34: 10:00:00.000Z | W34: Completed | X34: a07ak00001rZMpEAAW | Y34: Kennedy Sullivan | Z34: 2026-09-16T17:01:26.000Z | AA34: =ISNUMBER(SEARCH(";"&Lessons[[#This Row],[Instrument__c]]&";",";"&_xlfn.XLOOKUP(Lessons[[#This Row],[Instructor_External_Id__c]], Instructors[Id], Instructors[Instruments_Taught__c])&";")) -> TRUE | AB34: =IF(LEFT(Lessons[[#This Row],[Status__c]],9)="Cancelled","",Lessons[[#This Row],[Instructor_External_Id__c]]&"|"&TEXT(Lessons[[#This Row],[Lesson_Date__c]],"yyyy-mm-dd")&"|"&Lessons[[#This Row],[Start_Time__c]]) -> a06ak00000amzCJAAY|2026-06-22|10:00:00.000Z | AC34: =IF(Lessons[[#This Row],[Double Booked Key]]="","",COUNTIF(Lessons[Double Booked Key],Lessons[[#This Row],[Double Booked Key]])) -> 1 | AD34: =_xlfn.XLOOKUP(Lessons[[#This Row],[Location_External_Id__c]], Locations[Location Id], Locations[Location Name]) -> Toms River | AE34: =TEXT(Lessons[[#This Row],[Lesson_Date__c]], "yyyy-mm") -> 2026-06 | AF34: =IF(Lessons[[#This Row],[Lesson_Date__c]]<=Data_Audit!$F$1, "Yes", "No") -> Yes
A35: 005ak00000icyWTAAY | B35: 2026-09-14T21:01:58.000Z | C35: 30 | D35: a0Aak00000FtDm6EAF | E35: a06ak00000amzBeAAI | F35: Zoey Rodriguez | G35: Focused on sight reading. | H35: Bass Guitar | I35: FALSE | K35: 005ak00000icyWTAAY | L35: 2026-09-16T17:01:26.000Z | M35: 2026-09-15T17:27:06.000Z | N35: 2026-09-15T17:27:06.000Z | O35: 46183 | P35: LSN-00034 | Q35: L-0000034 | R35: 131ak000001XjDuAAK | S35: FALSE | T35: FALSE | U35: L-0000034 | V35: 15:00:00.000Z | W35: Completed | X35: a07ak00001rZMpFAAW | Y35: Vincent Jones | Z35: 2026-09-16T17:01:26.000Z | AA35: =ISNUMBER(SEARCH(";"&Lessons[[#This Row],[Instrument__c]]&";",";"&_xlfn.XLOOKUP(Lessons[[#This Row],[Instructor_External_Id__c]], Instructors[Id], Instructors[Instruments_Taught__c])&";")) -> TRUE | AB35: =IF(LEFT(Lessons[[#This Row],[Status__c]],9)="Cancelled","",Lessons[[#This Row],[Instructor_External_Id__c]]&"|"&TEXT(Lessons[[#This Row],[Lesson_Date__c]],"yyyy-mm-dd")&"|"&Lessons[[#This Row],[Start_Time__c]]) -> a06ak00000amzBeAAI|2026-06-10|15:00:00.000Z | AC35: =IF(Lessons[[#This Row],[Double Booked Key]]="","",COUNTIF(Lessons[Double Booked Key],Lessons[[#This Row],[Double Booked Key]])) -> 1 | AD35: =_xlfn.XLOOKUP(Lessons[[#This Row],[Location_External_Id__c]], Locations[Location Id], Locations[Location Name]) -> Brick | AE35: =TEXT(Lessons[[#This Row],[Lesson_Date__c]], "yyyy-mm") -> 2026-06 | AF35: =IF(Lessons[[#This Row],[Lesson_Date__c]]<=Data_Audit!$F$1, "Yes", "No") -> Yes
A36: 005ak00000icyWTAAY | B36: 2026-09-14T21:01:58.000Z | C36: 30 | D36: a0Aak00000FtDm7EAF | E36: a06ak00000amzBeAAI | F36: Zoey Rodriguez | G36: Good progress on technique. | H36: Bass Guitar | I36: FALSE | K36: 005ak00000icyWTAAY | L36: 2026-09-16T17:01:26.000Z | M36: 2026-09-15T17:27:06.000Z | N36: 2026-09-15T17:27:06.000Z | O36: 46214 | P36: LSN-00035 | Q36: L-0000035 | R36: 131ak000001XjDuAAK | S36: FALSE | T36: FALSE | U36: L-0000035 | V36: 15:00:00.000Z | W36: Completed | X36: a07ak00001rZMpFAAW | Y36: Vincent Jones | Z36: 2026-09-16T17:01:26.000Z | AA36: =ISNUMBER(SEARCH(";"&Lessons[[#This Row],[Instrument__c]]&";",";"&_xlfn.XLOOKUP(Lessons[[#This Row],[Instructor_External_Id__c]], Instructors[Id], Instructors[Instruments_Taught__c])&";")) -> TRUE | AB36: =IF(LEFT(Lessons[[#This Row],[Status__c]],9)="Cancelled","",Lessons[[#This Row],[Instructor_External_Id__c]]&"|"&TEXT(Lessons[[#This Row],[Lesson_Date__c]],"yyyy-mm-dd")&"|"&Lessons[[#This Row],[Start_Time__c]]) -> a06ak00000amzBeAAI|2026-07-11|15:00:00.000Z | AC36: =IF(Lessons[[#This Row],[Double Booked Key]]="","",COUNTIF(Lessons[Double Booked Key],Lessons[[#This Row],[Double Booked Key]])) -> 1 | AD36: =_xlfn.XLOOKUP(Lessons[[#This Row],[Location_External_Id__c]], Locations[Location Id], Locations[Location Name]) -> Brick | AE36: =TEXT(Lessons[[#This Row],[Lesson_Date__c]], "yyyy-mm") -> 2026-07 | AF36: =IF(Lessons[[#This Row],[Lesson_Date__c]]<=Data_Audit!$F$1, "Yes", "No") -> Yes
A37: 005ak00000icyWTAAY | B37: 2026-09-14T21:01:58.000Z | C37: 30 | D37: a0Aak00000FtDm8EAF | E37: a06ak00000amzBeAAI | F37: Zoey Rodriguez | H37: Bass Guitar | I37: FALSE | K37: 005ak00000icyWTAAY | L37: 2026-09-16T17:01:26.000Z | M37: 2026-09-15T17:27:06.000Z | N37: 2026-09-15T17:27:06.000Z | O37: 46287 | P37: LSN-00036 | Q37: L-0000036 | R37: 131ak000001XjDuAAK | S37: TRUE | T37: TRUE | U37: L-0000036 | V37: 15:30:00.000Z | W37: Cancelled by Instructor | X37: a07ak00001rZMpFAAW | Y37: Vincent Jones | Z37: 2026-09-16T17:01:26.000Z | AA37: =ISNUMBER(SEARCH(";"&Lessons[[#This Row],[Instrument__c]]&";",";"&_xlfn.XLOOKUP(Lessons[[#This Row],[Instructor_External_Id__c]], Instructors[Id], Instructors[Instruments_Taught__c])&";")) -> TRUE | AB37: =IF(LEFT(Lessons[[#This Row],[Status__c]],9)="Cancelled","",Lessons[[#This Row],[Instructor_External_Id__c]]&"|"&TEXT(Lessons[[#This Row],[Lesson_Date__c]],"yyyy-mm-dd")&"|"&Lessons[[#This Row],[Start_Time__c]]) | AC37: =IF(Lessons[[#This Row],[Double Booked Key]]="","",COUNTIF(Lessons[Double Booked Key],Lessons[[#This Row],[Double Booked Key]])) | AD37: =_xlfn.XLOOKUP(Lessons[[#This Row],[Location_External_Id__c]], Locations[Location Id], Locations[Location Name]) -> Brick | AE37: =TEXT(Lessons[[#This Row],[Lesson_Date__c]], "yyyy-mm") -> 2026-09 | AF37: =IF(Lessons[[#This Row],[Lesson_Date__c]]<=Data_Audit!$F$1, "Yes", "No") -> Yes
A38: 005ak00000icyWTAAY | B38: 2026-09-14T21:01:58.000Z | C38: 30 | D38: a0Aak00000FtDm9EAF | E38: a06ak00000amzBeAAI | F38: Zoey Rodriguez | G38: Focused on sight reading. | H38: Bass Guitar | I38: FALSE | K38: 005ak00000icyWTAAY | L38: 2026-09-16T17:01:26.000Z | M38: 2026-09-15T17:27:06.000Z | N38: 2026-09-15T17:27:06.000Z | O38: 46237 | P38: LSN-00037 | Q38: L-0000037 | R38: 131ak000001XjDuAAK | S38: FALSE | T38: FALSE | U38: L-0000037 | V38: 11:00:00.000Z | W38: Completed | X38: a07ak00001rZMpFAAW | Y38: Vincent Jones | Z38: 2026-09-16T17:01:26.000Z | AA38: =ISNUMBER(SEARCH(";"&Lessons[[#This Row],[Instrument__c]]&";",";"&_xlfn.XLOOKUP(Lessons[[#This Row],[Instructor_External_Id__c]], Instructors[Id], Instructors[Instruments_Taught__c])&";")) -> TRUE | AB38: =IF(LEFT(Lessons[[#This Row],[Status__c]],9)="Cancelled","",Lessons[[#This Row],[Instructor_External_Id__c]]&"|"&TEXT(Lessons[[#This Row],[Lesson_Date__c]],"yyyy-mm-dd")&"|"&Lessons[[#This Row],[Start_Time__c]]) -> a06ak00000amzBeAAI|2026-08-03|11:00:00.000Z | AC38: =IF(Lessons[[#This Row],[Double Booked Key]]="","",COUNTIF(Lessons[Double Booked Key],Lessons[[#This Row],[Double Booked Key]])) -> 1 | AD38: =_xlfn.XLOOKUP(Lessons[[#This Row],[Location_External_Id__c]], Locations[Location Id], Locations[Location Name]) -> Brick | AE38: =TEXT(Lessons[[#This Row],[Lesson_Date__c]], "yyyy-mm") -> 2026-08 | AF38: =IF(Lessons[[#This Row],[Lesson_Date__c]]<=Data_Audit!$F$1, "Yes", "No") -> Yes
A39: 005ak00000icyWTAAY | B39: 2026-09-14T21:01:58.000Z | C39: 30 | D39: a0Aak00000FtDmAEAV | E39: a06ak00000amzBeAAI | F39: Zoey Rodriguez | G39: Started new piece. | H39: Bass Guitar | I39: FALSE | K39: 005ak00000icyWTAAY | L39: 2026-09-16T17:01:26.000Z | M39: 2026-09-15T17:27:06.000Z | N39: 2026-09-15T17:27:06.000Z | O39: 46170 | P39: LSN-00038 | Q39: L-0000038 | R39: 131ak000001XjDuAAK | S39: FALSE | T39: FALSE | U39: L-0000038 | V39: 19:00:00.000Z | W39: Completed | X39: a07ak00001rZMpFAAW | Y39: Vincent Jones | Z39: 2026-09-16T17:01:26.000Z | AA39: =ISNUMBER(SEARCH(";"&Lessons[[#This Row],[Instrument__c]]&";",";"&_xlfn.XLOOKUP(Lessons[[#This Row],[Instructor_External_Id__c]], Instructors[Id], Instructors[Instruments_Taught__c])&";")) -> TRUE | AB39: =IF(LEFT(Lessons[[#This Row],[Status__c]],9)="Cancelled","",Lessons[[#This Row],[Instructor_External_Id__c]]&"|"&TEXT(Lessons[[#This Row],[Lesson_Date__c]],"yyyy-mm-dd")&"|"&Lessons[[#This Row],[Start_Time__c]]) -> a06ak00000amzBeAAI|2026-05-28|19:00:00.000Z | AC39: =IF(Lessons[[#This Row],[Double Booked Key]]="","",COUNTIF(Lessons[Double Booked Key],Lessons[[#This Row],[Double Booked Key]])) -> 1 | AD39: =_xlfn.XLOOKUP(Lessons[[#This Row],[Location_External_Id__c]], Locations[Location Id], Locations[Location Name]) -> Brick | AE39: =TEXT(Lessons[[#This Row],[Lesson_Date__c]], "yyyy-mm") -> 2026-05 | AF39: =IF(Lessons[[#This Row],[Lesson_Date__c]]<=Data_Audit!$F$1, "Yes", "No") -> Yes
A40: 005ak00000icyWTAAY | B40: 2026-09-14T21:01:58.000Z | C40: 30 | D40: a0Aak00000FtDmBEAV | E40: a06ak00000amzC5AAI | F40: Penelope Wilson | H40: Drums | I40: FALSE | K40: 005ak00000icyWTAAY | L40: 2026-09-16T17:01:26.000Z | M40: 2026-09-15T17:27:06.000Z | N40: 2026-09-15T17:27:06.000Z | O40: 46087 | P40: LSN-00039 | Q40: L-0000039 | R40: 131ak000001XjDuAAK | S40: FALSE | T40: FALSE | U40: L-0000039 | V40: 18:00:00.000Z | W40: Cancelled by Student | X40: a07ak00001rZMpGAAW | Y40: Noah Wright | Z40: 2026-09-16T17:01:26.000Z | AA40: =ISNUMBER(SEARCH(";"&Lessons[[#This Row],[Instrument__c]]&";",";"&_xlfn.XLOOKUP(Lessons[[#This Row],[Instructor_External_Id__c]], Instructors[Id], Instructors[Instruments_Taught__c])&";")) -> TRUE | AB40: =IF(LEFT(Lessons[[#This Row],[Status__c]],9)="Cancelled","",Lessons[[#This Row],[Instructor_External_Id__c]]&"|"&TEXT(Lessons[[#This Row],[Lesson_Date__c]],"yyyy-mm-dd")&"|"&Lessons[[#This Row],[Start_Time__c]]) | AC40: =IF(Lessons[[#This Row],[Double Booked Key]]="","",COUNTIF(Lessons[Double Booked Key],Lessons[[#This Row],[Double Booked Key]])) | AD40: =_xlfn.XLOOKUP(Lessons[[#This Row],[Location_External_Id__c]], Locations[Location Id], Locations[Location Name]) -> Brick | AE40: =TEXT(Lessons[[#This Row],[Lesson_Date__c]], "yyyy-mm") -> 2026-03 | AF40: =IF(Lessons[[#This Row],[Lesson_Date__c]]<=Data_Audit!$F$1, "Yes", "No") -> Yes
A41: 005ak00000icyWTAAY | B41: 2026-09-14T21:01:58.000Z | C41: 30 | D41: a0Aak00000FtDmCEAV | E41: a06ak00000amzC1AAI | F41: Valentina Nakamura | G41: Worked on scales and timing. | H41: Drums | I41: FALSE | K41: 005ak00000icyWTAAY | L41: 2026-09-23T19:02:24.000Z | M41: 2026-09-15T17:27:06.000Z | N41: 2026-09-15T17:27:06.000Z | O41: 46294 | P41: LSN-00040 | Q41: L-0000040 | R41: 131ak000001XjDuAAK | S41: FALSE | T41: FALSE | U41: L-0000040 | V41: 16:00:00.000Z | W41: Completed | X41: a07ak00001rZMpGAAW | Y41: Noah Wright | Z41: 2026-09-23T19:02:24.000Z | AA41: =ISNUMBER(SEARCH(";"&Lessons[[#This Row],[Instrument__c]]&";",";"&_xlfn.XLOOKUP(Lessons[[#This Row],[Instructor_External_Id__c]], Instructors[Id], Instructors[Instruments_Taught__c])&";")) -> TRUE | AB41: =IF(LEFT(Lessons[[#This Row],[Status__c]],9)="Cancelled","",Lessons[[#This Row],[Instructor_External_Id__c]]&"|"&TEXT(Lessons[[#This Row],[Lesson_Date__c]],"yyyy-mm-dd")&"|"&Lessons[[#This Row],[Start_Time__c]]) -> a06ak00000amzC1AAI|2026-09-29|16:00:00.000Z | AC41: =IF(Lessons[[#This Row],[Double Booked Key]]="","",COUNTIF(Lessons[Double Booked Key],Lessons[[#This Row],[Double Booked Key]])) -> 1 | AD41: =_xlfn.XLOOKUP(Lessons[[#This Row],[Location_External_Id__c]], Locations[Location Id], Locations[Location Name]) -> Brick | AE41: =TEXT(Lessons[[#This Row],[Lesson_Date__c]], "yyyy-mm") -> 2026-09 | AF41: =IF(Lessons[[#This Row],[Lesson_Date__c]]<=Data_Audit!$F$1, "Yes", "No") -> Yes
A42: 005ak00000icyWTAAY | B42: 2026-09-14T21:01:58.000Z | C42: 45 | D42: a0Aak00000FtDmDEAV | E42: a06ak00000amzC5AAI | F42: Penelope Wilson | G42: Good progress on technique. | H42: Drums | I42: FALSE | K42: 005ak00000icyWTAAY | L42: 2026-09-16T17:01:26.000Z | M42: 2026-09-15T17:27:06.000Z | N42: 2026-09-15T17:27:06.000Z | O42: 46181 | P42: LSN-00041 | Q42: L-0000041 | R42: 131ak000001XjDuAAK | S42: FALSE | T42: FALSE | U42: L-0000041 | V42: 19:00:00.000Z | W42: Completed | X42: a07ak00001rZMpGAAW | Y42: Noah Wright | Z42: 2026-09-16T17:01:26.000Z | AA42: =ISNUMBER(SEARCH(";"&Lessons[[#This Row],[Instrument__c]]&";",";"&_xlfn.XLOOKUP(Lessons[[#This Row],[Instructor_External_Id__c]], Instructors[Id], Instructors[Instruments_Taught__c])&";")) -> TRUE | AB42: =IF(LEFT(Lessons[[#This Row],[Status__c]],9)="Cancelled","",Lessons[[#This Row],[Instructor_External_Id__c]]&"|"&TEXT(Lessons[[#This Row],[Lesson_Date__c]],"yyyy-mm-dd")&"|"&Lessons[[#This Row],[Start_Time__c]]) -> a06ak00000amzC5AAI|2026-06-08|19:00:00.000Z | AC42: =IF(Lessons[[#This Row],[Double Booked Key]]="","",COUNTIF(Lessons[Double Booked Key],Lessons[[#This Row],[Double Booked Key]])) -> 1 | AD42: =_xlfn.XLOOKUP(Lessons[[#This Row],[Location_External_Id__c]], Locations[Location Id], Locations[Location Name]) -> Brick | AE42: =TEXT(Lessons[[#This Row],[Lesson_Date__c]], "yyyy-mm") -> 2026-06 | AF42: =IF(Lessons[[#This Row],[Lesson_Date__c]]<=Data_Audit!$F$1, "Yes", "No") -> Yes
A43: 005ak00000icyWTAAY | B43: 2026-09-14T21:01:58.000Z | C43: 45 | D43: a0Aak00000FtDmEEAV | E43: a06ak00000amzC5AAI | F43: Penelope Wilson | H43: Drums | I43: FALSE | K43: 005ak00000icyWTAAY | L43: 2026-09-16T17:01:26.000Z | M43: 2026-09-15T17:27:06.000Z | N43: 2026-09-15T17:27:06.000Z | O43: 46164 | P43: LSN-00042 | Q43: L-0000042 | R43: 131ak000001XjDuAAK | S43: FALSE | T43: FALSE | U43: L-0000042 | V43: 18:00:00.000Z | W43: Cancelled by Student | X43: a07ak00001rZMpGAAW | Y43: Noah Wright | Z43: 2026-09-16T17:01:26.000Z | AA43: =ISNUMBER(SEARCH(";"&Lessons[[#This Row],[Instrument__c]]&";",";"&_xlfn.XLOOKUP(Lessons[[#This Row],[Instructor_External_Id__c]], Instructors[Id], Instructors[Instruments_Taught__c])&";")) -> TRUE | AB43: =IF(LEFT(Lessons[[#This Row],[Status__c]],9)="Cancelled","",Lessons[[#This Row],[Instructor_External_Id__c]]&"|"&TEXT(Lessons[[#This Row],[Lesson_Date__c]],"yyyy-mm-dd")&"|"&Lessons[[#This Row],[Start_Time__c]]) | AC43: =IF(Lessons[[#This Row],[Double Booked Key]]="","",COUNTIF(Lessons[Double Booked Key],Lessons[[#This Row],[Double Booked Key]])) | AD43: =_xlfn.XLOOKUP(Lessons[[#This Row],[Location_External_Id__c]], Locations[Location Id], Locations[Location Name]) -> Brick | AE43: =TEXT(Lessons[[#This Row],[Lesson_Date__c]], "yyyy-mm") -> 2026-05 | AF43: =IF(Lessons[[#This Row],[Lesson_Date__c]]<=Data_Audit!$F$1, "Yes", "No") -> Yes
A44: 005ak00000icyWTAAY | B44: 2026-09-14T21:01:58.000Z | C44: 30 | D44: a0Aak00000FtDmFEAV | E44: a06ak00000amzC5AAI | F44: Penelope Wilson | G44: Worked on scales and timing. | H44: Drums | I44: FALSE | K44: 005ak00000icyWTAAY | L44: 2026-09-16T17:01:26.000Z | M44: 2026-09-15T17:27:06.000Z | N44: 2026-09-15T17:27:06.000Z | O44: 46231 | P44: LSN-00043 | Q44: L-0000043 | R44: 131ak000001XjDuAAK | S44: FALSE | T44: FALSE | U44: L-0000043 | V44: 18:00:00.000Z | W44: Completed | X44: a07ak00001rZMpGAAW | Y44: Noah Wright | Z44: 2026-09-16T17:01:26.000Z | AA44: =ISNUMBER(SEARCH(";"&Lessons[[#This Row],[Instrument__c]]&";",";"&_xlfn.XLOOKUP(Lessons[[#This Row],[Instructor_External_Id__c]], Instructors[Id], Instructors[Instruments_Taught__c])&";")) -> TRUE | AB44: =IF(LEFT(Lessons[[#This Row],[Status__c]],9)="Cancelled","",Lessons[[#This Row],[Instructor_External_Id__c]]&"|"&TEXT(Lessons[[#This Row],[Lesson_Date__c]],"yyyy-mm-dd")&"|"&Lessons[[#This Row],[Start_Time__c]]) -> a06ak00000amzC5AAI|2026-07-28|18:00:00.000Z | AC44: =IF(Lessons[[#This Row],[Double Booked Key]]="","",COUNTIF(Lessons[Double Booked Key],Lessons[[#This Row],[Double Booked Key]])) -> 1 | AD44: =_xlfn.XLOOKUP(Lessons[[#This Row],[Location_External_Id__c]], Locations[Location Id], Locations[Location Name]) -> Brick | AE44: =TEXT(Lessons[[#This Row],[Lesson_Date__c]], "yyyy-mm") -> 2026-07 | AF44: =IF(Lessons[[#This Row],[Lesson_Date__c]]<=Data_Audit!$F$1, "Yes", "No") -> Yes
A45: 005ak00000icyWTAAY | B45: 2026-09-14T21:01:58.000Z | C45: 45 | D45: a0Aak00000FtDmGEAV | E45: a06ak00000amzC5AAI | F45: Penelope Wilson | H45: Drums | I45: FALSE | K45: 005ak00000icyWTAAY | L45: 2026-09-16T17:01:26.000Z | M45: 2026-09-15T17:57:49.000Z | N45: 2026-09-15T17:57:49.000Z | O45: 46229 | P45: LSN-00044 | Q45: L-0000044 | R45: 131ak000001XjDuAAK | S45: FALSE | T45: FALSE | U45: L-0000044 | V45: 19:00:00.000Z | W45: Completed | X45: a07ak00001rZMpGAAW | Y45: Noah Wright | Z45: 2026-09-16T17:01:26.000Z | AA45: =ISNUMBER(SEARCH(";"&Lessons[[#This Row],[Instrument__c]]&";",";"&_xlfn.XLOOKUP(Lessons[[#This Row],[Instructor_External_Id__c]], Instructors[Id], Instructors[Instruments_Taught__c])&";")) -> TRUE | AB45: =IF(LEFT(Lessons[[#This Row],[Status__c]],9)="Cancelled","",Lessons[[#This Row],[Instructor_External_Id__c]]&"|"&TEXT(Lessons[[#This Row],[Lesson_Date__c]],"yyyy-mm-dd")&"|"&Lessons[[#This Row],[Start_Time__c]]) -> a06ak00000amzC5AAI|2026-07-26|19:00:00.000Z | AC45: =IF(Lessons[[#This Row],[Double Booked Key]]="","",COUNTIF(Lessons[Double Booked Key],Lessons[[#This Row],[Double Booked Key]])) -> 1 | AD45: =_xlfn.XLOOKUP(Lessons[[#This Row],[Location_External_Id__c]], Locations[Location Id], Locations[Location Name]) -> Brick | AE45: =TEXT(Lessons[[#This Row],[Lesson_Date__c]], "yyyy-mm") -> 2026-07 | AF45: =IF(Lessons[[#This Row],[Lesson_Date__c]]<=Data_Audit!$F$1, "Yes", "No") -> Yes
A46: 005ak00000icyWTAAY | B46: 2026-09-14T21:01:58.000Z | C46: 60 | D46: a0Aak00000FtDmHEAV | E46: a06ak00000amzBmAAI | F46: Emily Taylor | H46: Clarinet | I46: FALSE | K46: 005ak00000icyWTAAY | L46: 2026-09-16T17:01:26.000Z | M46: 2026-09-15T17:47:56.000Z | N46: 2026-09-15T17:47:56.000Z | O46: 46216 | P46: LSN-00045 | Q46: L-0000045 | R46: 131ak000001XjDtAAK | S46: FALSE | T46: FALSE | U46: L-0000045 | V46: 15:00:00.000Z | W46: Cancelled by Student | X46: a07ak00001rZMpHAAW | Y46: Ryan Harris | Z46: 2026-09-16T17:01:26.000Z | AA46: =ISNUMBER(SEARCH(";"&Lessons[[#This Row],[Instrument__c]]&";",";"&_xlfn.XLOOKUP(Lessons[[#This Row],[Instructor_External_Id__c]], Instructors[Id], Instructors[Instruments_Taught__c])&";")) -> TRUE | AB46: =IF(LEFT(Lessons[[#This Row],[Status__c]],9)="Cancelled","",Lessons[[#This Row],[Instructor_External_Id__c]]&"|"&TEXT(Lessons[[#This Row],[Lesson_Date__c]],"yyyy-mm-dd")&"|"&Lessons[[#This Row],[Start_Time__c]]) | AC46: =IF(Lessons[[#This Row],[Double Booked Key]]="","",COUNTIF(Lessons[Double Booked Key],Lessons[[#This Row],[Double Booked Key]])) | AD46: =_xlfn.XLOOKUP(Lessons[[#This Row],[Location_External_Id__c]], Locations[Location Id], Locations[Location Name]) -> Red Bank | AE46: =TEXT(Lessons[[#This Row],[Lesson_Date__c]], "yyyy-mm") -> 2026-07 | AF46: =IF(Lessons[[#This Row],[Lesson_Date__c]]<=Data_Audit!$F$1, "Yes", "No") -> Yes
A47: 005ak00000icyWTAAY | B47: 2026-09-14T21:01:58.000Z | C47: 45 | D47: a0Aak00000FtDmIEAV | E47: a06ak00000amzBmAAI | F47: Emily Taylor | H47: Clarinet | I47: FALSE | K47: 005ak00000icyWTAAY | L47: 2026-09-16T17:01:26.000Z | M47: 2026-09-15T17:47:56.000Z | N47: 2026-09-15T17:47:56.000Z | O47: 46189 | P47: LSN-00046 | Q47: L-0000046 | R47: 131ak000001XjDtAAK | S47: FALSE | T47: FALSE | U47: L-0000046 | V47: 15:00:00.000Z | W47: Completed | X47: a07ak00001rZMpHAAW | Y47: Ryan Harris | Z47: 2026-09-16T17:01:26.000Z | AA47: =ISNUMBER(SEARCH(";"&Lessons[[#This Row],[Instrument__c]]&";",";"&_xlfn.XLOOKUP(Lessons[[#This Row],[Instructor_External_Id__c]], Instructors[Id], Instructors[Instruments_Taught__c])&";")) -> TRUE | AB47: =IF(LEFT(Lessons[[#This Row],[Status__c]],9)="Cancelled","",Lessons[[#This Row],[Instructor_External_Id__c]]&"|"&TEXT(Lessons[[#This Row],[Lesson_Date__c]],"yyyy-mm-dd")&"|"&Lessons[[#This Row],[Start_Time__c]]) -> a06ak00000amzBmAAI|2026-06-16|15:00:00.000Z | AC47: =IF(Lessons[[#This Row],[Double Booked Key]]="","",COUNTIF(Lessons[Double Booked Key],Lessons[[#This Row],[Double Booked Key]])) -> 1 | AD47: =_xlfn.XLOOKUP(Lessons[[#This Row],[Location_External_Id__c]], Locations[Location Id], Locations[Location Name]) -> Red Bank | AE47: =TEXT(Lessons[[#This Row],[Lesson_Date__c]], "yyyy-mm") -> 2026-06 | AF47: =IF(Lessons[[#This Row],[Lesson_Date__c]]<=Data_Audit!$F$1, "Yes", "No") -> Yes
A48: 005ak00000icyWTAAY | B48: 2026-09-14T21:01:58.000Z | C48: 30 | D48: a0Aak00000FtDmJEAV | E48: a06ak00000amzBmAAI | F48: Emily Taylor | G48: Worked on scales and timing. | H48: Clarinet | I48: FALSE | K48: 005ak00000icyWTAAY | L48: 2026-09-16T17:01:26.000Z | M48: 2026-09-15T17:47:56.000Z | N48: 2026-09-15T17:47:56.000Z | O48: 46129 | P48: LSN-00047 | Q48: L-0000047 | R48: 131ak000001XjDtAAK | S48: FALSE | T48: FALSE | U48: L-0000047 | V48: 15:30:00.000Z | W48: Completed | X48: a07ak00001rZMpHAAW | Y48: Ryan Harris | Z48: 2026-09-16T17:01:26.000Z | AA48: =ISNUMBER(SEARCH(";"&Lessons[[#This Row],[Instrument__c]]&";",";"&_xlfn.XLOOKUP(Lessons[[#This Row],[Instructor_External_Id__c]], Instructors[Id], Instructors[Instruments_Taught__c])&";")) -> TRUE | AB48: =IF(LEFT(Lessons[[#This Row],[Status__c]],9)="Cancelled","",Lessons[[#This Row],[Instructor_External_Id__c]]&"|"&TEXT(Lessons[[#This Row],[Lesson_Date__c]],"yyyy-mm-dd")&"|"&Lessons[[#This Row],[Start_Time__c]]) -> a06ak00000amzBmAAI|2026-04-17|15:30:00.000Z | AC48: =IF(Lessons[[#This Row],[Double Booked Key]]="","",COUNTIF(Lessons[Double Booked Key],Lessons[[#This Row],[Double Booked Key]])) -> 1 | AD48: =_xlfn.XLOOKUP(Lessons[[#This Row],[Location_External_Id__c]], Locations[Location Id], Locations[Location Name]) -> Red Bank | AE48: =TEXT(Lessons[[#This Row],[Lesson_Date__c]], "yyyy-mm") -> 2026-04 | AF48: =IF(Lessons[[#This Row],[Lesson_Date__c]]<=Data_Audit!$F$1, "Yes", "No") -> Yes
A49: 005ak00000icyWTAAY | B49: 2026-09-14T21:01:58.000Z | C49: 30 | D49: a0Aak00000FtDmKEAV | E49: a06ak00000amzBmAAI | F49: Emily Taylor | G49: Good progress on technique. | H49: Clarinet | I49: FALSE | K49: 005ak00000icyWTAAY | L49: 2026-09-16T17:01:26.000Z | M49: 2026-09-15T17:47:56.000Z | N49: 2026-09-15T17:47:56.000Z | O49: 46147 | P49: LSN-00048 | Q49: L-0000048 | R49: 131ak000001XjDtAAK | S49: FALSE | T49: FALSE | U49: L-0000048 | V49: 15:30:00.000Z | W49: Completed | X49: a07ak00001rZMpHAAW | Y49: Ryan Harris | Z49: 2026-09-16T17:01:26.000Z | AA49: =ISNUMBER(SEARCH(";"&Lessons[[#This Row],[Instrument__c]]&";",";"&_xlfn.XLOOKUP(Lessons[[#This Row],[Instructor_External_Id__c]], Instructors[Id], Instructors[Instruments_Taught__c])&";")) -> TRUE | AB49: =IF(LEFT(Lessons[[#This Row],[Status__c]],9)="Cancelled","",Lessons[[#This Row],[Instructor_External_Id__c]]&"|"&TEXT(Lessons[[#This Row],[Lesson_Date__c]],"yyyy-mm-dd")&"|"&Lessons[[#This Row],[Start_Time__c]]) -> a06ak00000amzBmAAI|2026-05-05|15:30:00.000Z | AC49: =IF(Lessons[[#This Row],[Double Booked Key]]="","",COUNTIF(Lessons[Double Booked Key],Lessons[[#This Row],[Double Booked Key]])) -> 1 | AD49: =_xlfn.XLOOKUP(Lessons[[#This Row],[Location_External_Id__c]], Locations[Location Id], Locations[Location Name]) -> Red Bank | AE49: =TEXT(Lessons[[#This Row],[Lesson_Date__c]], "yyyy-mm") -> 2026-05 | AF49: =IF(Lessons[[#This Row],[Lesson_Date__c]]<=Data_Audit!$F$1, "Yes", "No") -> Yes
A50: 005ak00000icyWTAAY | B50: 2026-09-14T21:01:58.000Z | C50: 30 | D50: a0Aak00000FtDmLEAV | E50: a06ak00000amzBmAAI | F50: Emily Taylor | G50: Worked on scales and timing. | H50: Clarinet | I50: FALSE | K50: 005ak00000icyWTAAY | L50: 2026-09-16T17:01:26.000Z | M50: 2026-09-15T17:47:56.000Z | N50: 2026-09-15T17:47:56.000Z | O50: 46039 | P50: LSN-00049 | Q50: L-0000049 | R50: 131ak000001XjDtAAK | S50: FALSE | T50: FALSE | U50: L-0000049 | V50: 10:00:00.000Z | W50: Completed | X50: a07ak00001rZMpHAAW | Y50: Ryan Harris | Z50: 2026-09-16T17:01:26.000Z | AA50: =ISNUMBER(SEARCH(";"&Lessons[[#This Row],[Instrument__c]]&";",";"&_xlfn.XLOOKUP(Lessons[[#This Row],[Instructor_External_Id__c]], Instructors[Id], Instructors[Instruments_Taught__c])&";")) -> TRUE | AB50: =IF(LEFT(Lessons[[#This Row],[Status__c]],9)="Cancelled","",Lessons[[#This Row],[Instructor_External_Id__c]]&"|"&TEXT(Lessons[[#This Row],[Lesson_Date__c]],"yyyy-mm-dd")&"|"&Lessons[[#This Row],[Start_Time__c]]) -> a06ak00000amzBmAAI|2026-01-17|10:00:00.000Z | AC50: =IF(Lessons[[#This Row],[Double Booked Key]]="","",COUNTIF(Lessons[Double Booked Key],Lessons[[#This Row],[Double Booked Key]])) -> 1 | AD50: =_xlfn.XLOOKUP(Lessons[[#This Row],[Location_External_Id__c]], Locations[Location Id], Locations[Location Name]) -> Red Bank | AE50: =TEXT(Lessons[[#This Row],[Lesson_Date__c]], "yyyy-mm") -> 2026-01 | AF50: =IF(Lessons[[#This Row],[Lesson_Date__c]]<=Data_Audit!$F$1, "Yes", "No") -> Yes
A51: 005ak00000icyWTAAY | B51: 2026-09-14T21:01:58.000Z | C51: 60 | D51: a0Aak00000FtDmMEAV | E51: a06ak00000amzBxAAI | F51: Miles Allen | G51: Good progress on technique. | H51: Voice | I51: FALSE | K51: 005ak00000icyWTAAY | L51: 2026-09-16T17:01:26.000Z | M51: 2026-09-15T17:47:56.000Z | N51: 2026-09-15T17:47:56.000Z | O51: 46147 | P51: LSN-00050 | Q51: L-0000050 | R51: 131ak000001XjDuAAK | S51: FALSE | T51: FALSE | U51: L-0000050 | V51: 16:30:00.000Z | W51: Completed | X51: a07ak00001rZMpIAAW | Y51: Genesis Lopez | Z51: 2026-09-16T17:01:26.000Z | AA51: =ISNUMBER(SEARCH(";"&Lessons[[#This Row],[Instrument__c]]&";",";"&_xlfn.XLOOKUP(Lessons[[#This Row],[Instructor_External_Id__c]], Instructors[Id], Instructors[Instruments_Taught__c])&";")) -> TRUE | AB51: =IF(LEFT(Lessons[[#This Row],[Status__c]],9)="Cancelled","",Lessons[[#This Row],[Instructor_External_Id__c]]&"|"&TEXT(Lessons[[#This Row],[Lesson_Date__c]],"yyyy-mm-dd")&"|"&Lessons[[#This Row],[Start_Time__c]]) -> a06ak00000amzBxAAI|2026-05-05|16:30:00.000Z | AC51: =IF(Lessons[[#This Row],[Double Booked Key]]="","",COUNTIF(Lessons[Double Booked Key],Lessons[[#This Row],[Double Booked Key]])) -> 1 | AD51: =_xlfn.XLOOKUP(Lessons[[#This Row],[Location_External_Id__c]], Locations[Location Id], Locations[Location Name]) -> Brick | AE51: =TEXT(Lessons[[#This Row],[Lesson_Date__c]], "yyyy-mm") -> 2026-05 | AF51: =IF(Lessons[[#This Row],[Lesson_Date__c]]<=Data_Audit!$F$1, "Yes", "No") -> Yes
A52: 005ak00000icyWTAAY | B52: 2026-09-14T21:01:58.000Z | C52: 60 | D52: a0Aak00000FtDmNEAV | E52: a06ak00000amzBxAAI | F52: Miles Allen | H52: Voice | I52: FALSE | K52: 005ak00000icyWTAAY | L52: 2026-09-16T17:01:26.000Z | M52: 2026-09-15T17:47:56.000Z | N52: 2026-09-15T17:47:56.000Z | O52: 46136 | P52: LSN-00051 | Q52: L-0000051 | R52: 131ak000001XjDuAAK | S52: FALSE | T52: FALSE | U52: L-0000051 | V52: 19:00:00.000Z | W52: No Show | X52: a07ak00001rZMpIAAW | Y52: Genesis Lopez | Z52: 2026-09-16T17:01:26.000Z | AA52: =ISNUMBER(SEARCH(";"&Lessons[[#This Row],[Instrument__c]]&";",";"&_xlfn.XLOOKUP(Lessons[[#This Row],[Instructor_External_Id__c]], Instructors[Id], Instructors[Instruments_Taught__c])&";")) -> TRUE | AB52: =IF(LEFT(Lessons[[#This Row],[Status__c]],9)="Cancelled","",Lessons[[#This Row],[Instructor_External_Id__c]]&"|"&TEXT(Lessons[[#This Row],[Lesson_Date__c]],"yyyy-mm-dd")&"|"&Lessons[[#This Row],[Start_Time__c]]) -> a06ak00000amzBxAAI|2026-04-24|19:00:00.000Z | AC52: =IF(Lessons[[#This Row],[Double Booked Key]]="","",COUNTIF(Lessons[Double Booked Key],Lessons[[#This Row],[Double Booked Key]])) -> 1 | AD52: =_xlfn.XLOOKUP(Lessons[[#This Row],[Location_External_Id__c]], Locations[Location Id], Locations[Location Name]) -> Brick | AE52: =TEXT(Lessons[[#This Row],[Lesson_Date__c]], "yyyy-mm") -> 2026-04 | AF52: =IF(Lessons[[#This Row],[Lesson_Date__c]]<=Data_Audit!$F$1, "Yes", "No") -> Yes
A53: 005ak00000icyWTAAY | B53: 2026-09-14T21:01:58.000Z | C53: 30 | D53: a0Aak00000FtDmOEAV | E53: a06ak00000amzBxAAI | F53: Miles Allen | H53: Voice | I53: FALSE | K53: 005ak00000icyWTAAY | L53: 2026-09-16T17:01:26.000Z | M53: 2026-09-15T17:47:56.000Z | N53: 2026-09-15T17:47:56.000Z | O53: 46294 | P53: LSN-00052 | Q53: L-0000052 | R53: 131ak000001XjDuAAK | S53: FALSE | T53: FALSE | U53: L-0000052 | V53: 16:30:00.000Z | W53: Completed | X53: a07ak00001rZMpIAAW | Y53: Genesis Lopez | Z53: 2026-09-16T17:01:26.000Z | AA53: =ISNUMBER(SEARCH(";"&Lessons[[#This Row],[Instrument__c]]&";",";"&_xlfn.XLOOKUP(Lessons[[#This Row],[Instructor_External_Id__c]], Instructors[Id], Instructors[Instruments_Taught__c])&";")) -> TRUE | AB53: =IF(LEFT(Lessons[[#This Row],[Status__c]],9)="Cancelled","",Lessons[[#This Row],[Instructor_External_Id__c]]&"|"&TEXT(Lessons[[#This Row],[Lesson_Date__c]],"yyyy-mm-dd")&"|"&Lessons[[#This Row],[Start_Time__c]]) -> a06ak00000amzBxAAI|2026-09-29|16:30:00.000Z | AC53: =IF(Lessons[[#This Row],[Double Booked Key]]="","",COUNTIF(Lessons[Double Booked Key],Lessons[[#This Row],[Double Booked Key]])) -> 1 | AD53: =_xlfn.XLOOKUP(Lessons[[#This Row],[Location_External_Id__c]], Locations[Location Id], Locations[Location Name]) -> Brick | AE53: =TEXT(Lessons[[#This Row],[Lesson_Date__c]], "yyyy-mm") -> 2026-09 | AF53: =IF(Lessons[[#This Row],[Lesson_Date__c]]<=Data_Audit!$F$1, "Yes", "No") -> Yes
A54: 005ak00000icyWTAAY | B54: 2026-09-14T21:01:58.000Z | C54: 30 | D54: a0Aak00000FtDmPEAV | E54: a06ak00000amzBxAAI | F54: Miles Allen | G54: Worked on scales and timing. | H54: Voice | I54: FALSE | K54: 005ak00000icyWTAAY | L54: 2026-09-16T17:01:26.000Z | M54: 2026-09-15T17:47:56.000Z | N54: 2026-09-15T17:47:56.000Z | O54: 46246 | P54: LSN-00053 | Q54: L-0000053 | R54: 131ak000001XjDuAAK | S54: FALSE | T54: FALSE | U54: L-0000053 | V54: 17:00:00.000Z | W54: Completed | X54: a07ak00001rZMpIAAW | Y54: Genesis Lopez | Z54: 2026-09-16T17:01:26.000Z | AA54: =ISNUMBER(SEARCH(";"&Lessons[[#This Row],[Instrument__c]]&";",";"&_xlfn.XLOOKUP(Lessons[[#This Row],[Instructor_External_Id__c]], Instructors[Id], Instructors[Instruments_Taught__c])&";")) -> TRUE | AB54: =IF(LEFT(Lessons[[#This Row],[Status__c]],9)="Cancelled","",Lessons[[#This Row],[Instructor_External_Id__c]]&"|"&TEXT(Lessons[[#This Row],[Lesson_Date__c]],"yyyy-mm-dd")&"|"&Lessons[[#This Row],[Start_Time__c]]) -> a06ak00000amzBxAAI|2026-08-12|17:00:00.000Z | AC54: =IF(Lessons[[#This Row],[Double Booked Key]]="","",COUNTIF(Lessons[Double Booked Key],Lessons[[#This Row],[Double Booked Key]])) -> 1 | AD54: =_xlfn.XLOOKUP(Lessons[[#This Row],[Location_External_Id__c]], Locations[Location Id], Locations[Location Name]) -> Brick | AE54: =TEXT(Lessons[[#This Row],[Lesson_Date__c]], "yyyy-mm") -> 2026-08 | AF54: =IF(Lessons[[#This Row],[Lesson_Date__c]]<=Data_Audit!$F$1, "Yes", "No") -> Yes
A55: 005ak00000icyWTAAY | B55: 2026-09-14T21:01:58.000Z | C55: 45 | D55: a0Aak00000FtDmQEAV | E55: a06ak00000amzBxAAI | F55: Miles Allen | G55: Started new piece. | H55: Voice | I55: FALSE | K55: 005ak00000icyWTAAY | L55: 2026-09-16T17:01:26.000Z | M55: 2026-09-15T17:47:56.000Z | N55: 2026-09-15T17:47:56.000Z | O55: 46223 | P55: LSN-00054 | Q55: L-0000054 | R55: 131ak000001XjDuAAK | S55: FALSE | T55: FALSE | U55: L-0000054 | V55: 16:00:00.000Z | W55: Completed | X55: a07ak00001rZMpIAAW | Y55: Genesis Lopez | Z55: 2026-09-16T17:01:26.000Z | AA55: =ISNUMBER(SEARCH(";"&Lessons[[#This Row],[Instrument__c]]&";",";"&_xlfn.XLOOKUP(Lessons[[#This Row],[Instructor_External_Id__c]], Instructors[Id], Instructors[Instruments_Taught__c])&";")) -> TRUE | AB55: =IF(LEFT(Lessons[[#This Row],[Status__c]],9)="Cancelled","",Lessons[[#This Row],[Instructor_External_Id__c]]&"|"&TEXT(Lessons[[#This Row],[Lesson_Date__c]],"yyyy-mm-dd")&"|"&Lessons[[#This Row],[Start_Time__c]]) -> a06ak00000amzBxAAI|2026-07-20|16:00:00.000Z | AC55: =IF(Lessons[[#This Row],[Double Booked Key]]="","",COUNTIF(Lessons[Double Booked Key],Lessons[[#This Row],[Double Booked Key]])) -> 1 | AD55: =_xlfn.XLOOKUP(Lessons[[#This Row],[Location_External_Id__c]], Locations[Location Id], Locations[Location Name]) -> Brick | AE55: =TEXT(Lessons[[#This Row],[Lesson_Date__c]], "yyyy-mm") -> 2026-07 | AF55: =IF(Lessons[[#This Row],[Lesson_Date__c]]<=Data_Audit!$F$1, "Yes", "No") -> Yes
A56: 005ak00000icyWTAAY | B56: 2026-09-14T21:01:58.000Z | C56: 60 | D56: a0Aak00000FtDmREAV | E56: a06ak00000amzC3AAI | F56: Isabella Rivera | G56: Worked on scales and timing. | H56: Trumpet | I56: FALSE | K56: 005ak00000icyWTAAY | L56: 2026-09-16T17:01:26.000Z | M56: 2026-09-15T17:47:56.000Z | N56: 2026-09-15T17:47:56.000Z | O56: 46268 | P56: LSN-00055 | Q56: L-0000055 | R56: 131ak000001XjDtAAK | S56: FALSE | T56: FALSE | U56: L-0000055 | V56: 16:30:00.000Z | W56: Completed | X56: a07ak00001rZMpJAAW | Y56: Josiah Torres | Z56: 2026-09-16T17:01:26.000Z | AA56: =ISNUMBER(SEARCH(";"&Lessons[[#This Row],[Instrument__c]]&";",";"&_xlfn.XLOOKUP(Lessons[[#This Row],[Instructor_External_Id__c]], Instructors[Id], Instructors[Instruments_Taught__c])&";")) -> TRUE | AB56: =IF(LEFT(Lessons[[#This Row],[Status__c]],9)="Cancelled","",Lessons[[#This Row],[Instructor_External_Id__c]]&"|"&TEXT(Lessons[[#This Row],[Lesson_Date__c]],"yyyy-mm-dd")&"|"&Lessons[[#This Row],[Start_Time__c]]) -> a06ak00000amzC3AAI|2026-09-03|16:30:00.000Z | AC56: =IF(Lessons[[#This Row],[Double Booked Key]]="","",COUNTIF(Lessons[Double Booked Key],Lessons[[#This Row],[Double Booked Key]])) -> 1 | AD56: =_xlfn.XLOOKUP(Lessons[[#This Row],[Location_External_Id__c]], Locations[Location Id], Locations[Location Name]) -> Red Bank | AE56: =TEXT(Lessons[[#This Row],[Lesson_Date__c]], "yyyy-mm") -> 2026-09 | AF56: =IF(Lessons[[#This Row],[Lesson_Date__c]]<=Data_Audit!$F$1, "Yes", "No") -> Yes
A57: 005ak00000icyWTAAY | B57: 2026-09-14T21:01:58.000Z | C57: 60 | D57: a0Aak00000FtDmSEAV | E57: a06ak00000amzC3AAI | F57: Isabella Rivera | G57: Focused on sight reading. | H57: Trumpet | I57: FALSE | K57: 005ak00000icyWTAAY | L57: 2026-09-16T17:01:26.000Z | M57: 2026-09-15T17:47:56.000Z | N57: 2026-09-15T17:47:56.000Z | O57: 46274 | P57: LSN-00056 | Q57: L-0000056 | R57: 131ak000001XjDtAAK | S57: FALSE | T57: FALSE | U57: L-0000056 | V57: 15:00:00.000Z | W57: Completed | X57: a07ak00001rZMpJAAW | Y57: Josiah Torres | Z57: 2026-09-16T17:01:26.000Z | AA57: =ISNUMBER(SEARCH(";"&Lessons[[#This Row],[Instrument__c]]&";",";"&_xlfn.XLOOKUP(Lessons[[#This Row],[Instructor_External_Id__c]], Instructors[Id], Instructors[Instruments_Taught__c])&";")) -> TRUE | AB57: =IF(LEFT(Lessons[[#This Row],[Status__c]],9)="Cancelled","",Lessons[[#This Row],[Instructor_External_Id__c]]&"|"&TEXT(Lessons[[#This Row],[Lesson_Date__c]],"yyyy-mm-dd")&"|"&Lessons[[#This Row],[Start_Time__c]]) -> a06ak00000amzC3AAI|2026-09-09|15:00:00.000Z | AC57: =IF(Lessons[[#This Row],[Double Booked Key]]="","",COUNTIF(Lessons[Double Booked Key],Lessons[[#This Row],[Double Booked Key]])) -> 1 | AD57: =_xlfn.XLOOKUP(Lessons[[#This Row],[Location_External_Id__c]], Locations[Location Id], Locations[Location Name]) -> Red Bank | AE57: =TEXT(Lessons[[#This Row],[Lesson_Date__c]], "yyyy-mm") -> 2026-09 | AF57: =IF(Lessons[[#This Row],[Lesson_Date__c]]<=Data_Audit!$F$1, "Yes", "No") -> Yes
A58: 005ak00000icyWTAAY | B58: 2026-09-14T21:01:58.000Z | C58: 30 | D58: a0Aak00000FtDmTEAV | E58: a06ak00000amzC3AAI | F58: Isabella Rivera | H58: Trumpet | I58: FALSE | K58: 005ak00000icyWTAAY | L58: 2026-09-16T17:01:26.000Z | M58: 2026-09-15T17:47:56.000Z | N58: 2026-09-15T17:47:56.000Z | O58: 46274 | P58: LSN-00057 | Q58: L-0000057 | R58: 131ak000001XjDtAAK | S58: FALSE | T58: FALSE | U58: L-0000057 | V58: 18:00:00.000Z | W58: No Show | X58: a07ak00001rZMpJAAW | Y58: Josiah Torres | Z58: 2026-09-16T17:01:26.000Z | AA58: =ISNUMBER(SEARCH(";"&Lessons[[#This Row],[Instrument__c]]&";",";"&_xlfn.XLOOKUP(Lessons[[#This Row],[Instructor_External_Id__c]], Instructors[Id], Instructors[Instruments_Taught__c])&";")) -> TRUE | AB58: =IF(LEFT(Lessons[[#This Row],[Status__c]],9)="Cancelled","",Lessons[[#This Row],[Instructor_External_Id__c]]&"|"&TEXT(Lessons[[#This Row],[Lesson_Date__c]],"yyyy-mm-dd")&"|"&Lessons[[#This Row],[Start_Time__c]]) -> a06ak00000amzC3AAI|2026-09-09|18:00:00.000Z | AC58: =IF(Lessons[[#This Row],[Double Booked Key]]="","",COUNTIF(Lessons[Double Booked Key],Lessons[[#This Row],[Double Booked Key]])) -> 1 | AD58: =_xlfn.XLOOKUP(Lessons[[#This Row],[Location_External_Id__c]], Locations[Location Id], Locations[Location Name]) -> Red Bank | AE58: =TEXT(Lessons[[#This Row],[Lesson_Date__c]], "yyyy-mm") -> 2026-09 | AF58: =IF(Lessons[[#This Row],[Lesson_Date__c]]<=Data_Audit!$F$1, "Yes", "No") -> Yes
A59: 005ak00000icyWTAAY | B59: 2026-09-14T21:01:58.000Z | C59: 30 | D59: a0Aak00000FtDmUEAV | E59: a06ak00000amzC3AAI | F59: Isabella Rivera | G59: Started new piece. | H59: Trumpet | I59: FALSE | K59: 005ak00000icyWTAAY | L59: 2026-09-16T17:01:26.000Z | M59: 2026-09-15T17:47:56.000Z | N59: 2026-09-15T17:47:56.000Z | O59: 46266 | P59: LSN-00058 | Q59: L-0000058 | R59: 131ak000001XjDtAAK | S59: FALSE | T59: FALSE | U59: L-0000058 | V59: 17:00:00.000Z | W59: Completed | X59: a07ak00001rZMpJAAW | Y59: Josiah Torres | Z59: 2026-09-16T17:01:26.000Z | AA59: =ISNUMBER(SEARCH(";"&Lessons[[#This Row],[Instrument__c]]&";",";"&_xlfn.XLOOKUP(Lessons[[#This Row],[Instructor_External_Id__c]], Instructors[Id], Instructors[Instruments_Taught__c])&";")) -> TRUE | AB59: =IF(LEFT(Lessons[[#This Row],[Status__c]],9)="Cancelled","",Lessons[[#This Row],[Instructor_External_Id__c]]&"|"&TEXT(Lessons[[#This Row],[Lesson_Date__c]],"yyyy-mm-dd")&"|"&Lessons[[#This Row],[Start_Time__c]]) -> a06ak00000amzC3AAI|2026-09-01|17:00:00.000Z | AC59: =IF(Lessons[[#This Row],[Double Booked Key]]="","",COUNTIF(Lessons[Double Booked Key],Lessons[[#This Row],[Double Booked Key]])) -> 1 | AD59: =_xlfn.XLOOKUP(Lessons[[#This Row],[Location_External_Id__c]], Locations[Location Id], Locations[Location Name]) -> Red Bank | AE59: =TEXT(Lessons[[#This Row],[Lesson_Date__c]], "yyyy-mm") -> 2026-09 | AF59: =IF(Lessons[[#This Row],[Lesson_Date__c]]<=Data_Audit!$F$1, "Yes", "No") -> Yes
A60: 005ak00000icyWTAAY | B60: 2026-09-14T21:01:58.000Z | C60: 45 | D60: a0Aak00000FtDmVEAV | E60: a06ak00000amzBzAAI | F60: Ezra Garcia | H60: Trumpet | I60: FALSE | K60: 005ak00000icyWTAAY | L60: 2026-09-23T19:02:24.000Z | M60: 2026-09-15T17:47:56.000Z | N60: 2026-09-15T17:47:56.000Z | O60: 46293 | P60: LSN-00059 | Q60: L-0000059 | R60: 131ak000001XjDtAAK | S60: FALSE | T60: FALSE | U60: L-0000059 | V60: 16:00:00.000Z | W60: No Show | X60: a07ak00001rZMpJAAW | Y60: Josiah Torres | Z60: 2026-09-23T19:02:24.000Z | AA60: =ISNUMBER(SEARCH(";"&Lessons[[#This Row],[Instrument__c]]&";",";"&_xlfn.XLOOKUP(Lessons[[#This Row],[Instructor_External_Id__c]], Instructors[Id], Instructors[Instruments_Taught__c])&";")) -> TRUE | AB60: =IF(LEFT(Lessons[[#This Row],[Status__c]],9)="Cancelled","",Lessons[[#This Row],[Instructor_External_Id__c]]&"|"&TEXT(Lessons[[#This Row],[Lesson_Date__c]],"yyyy-mm-dd")&"|"&Lessons[[#This Row],[Start_Time__c]]) -> a06ak00000amzBzAAI|2026-09-28|16:00:00.000Z | AC60: =IF(Lessons[[#This Row],[Double Booked Key]]="","",COUNTIF(Lessons[Double Booked Key],Lessons[[#This Row],[Double Booked Key]])) -> 1 | AD60: =_xlfn.XLOOKUP(Lessons[[#This Row],[Location_External_Id__c]], Locations[Location Id], Locations[Location Name]) -> Red Bank | AE60: =TEXT(Lessons[[#This Row],[Lesson_Date__c]], "yyyy-mm") -> 2026-09 | AF60: =IF(Lessons[[#This Row],[Lesson_Date__c]]<=Data_Audit!$F$1, "Yes", "No") -> Yes
A61: 005ak00000icyWTAAY | B61: 2026-09-14T21:01:58.000Z | C61: 30 | D61: a0Aak00000FtDmWEAV | E61: a06ak00000amzC1AAI | F61: Valentina Nakamura | G61: Good progress on technique. | H61: Drums | I61: FALSE | K61: 005ak00000icyWTAAY | L61: 2026-09-16T17:01:26.000Z | M61: 2026-09-15T17:47:56.000Z | N61: 2026-09-15T17:47:56.000Z | O61: 46098 | P61: LSN-00060 | Q61: L-0000060 | R61: 131ak000001XjDvAAK | S61: FALSE | T61: FALSE | U61: L-0000060 | V61: 11:00:00.000Z | W61: Completed | X61: a07ak00001rZMpKAAW | Y61: Sofia Sullivan | Z61: 2026-09-16T17:01:26.000Z | AA61: =ISNUMBER(SEARCH(";"&Lessons[[#This Row],[Instrument__c]]&";",";"&_xlfn.XLOOKUP(Lessons[[#This Row],[Instructor_External_Id__c]], Instructors[Id], Instructors[Instruments_Taught__c])&";")) -> TRUE | AB61: =IF(LEFT(Lessons[[#This Row],[Status__c]],9)="Cancelled","",Lessons[[#This Row],[Instructor_External_Id__c]]&"|"&TEXT(Lessons[[#This Row],[Lesson_Date__c]],"yyyy-mm-dd")&"|"&Lessons[[#This Row],[Start_Time__c]]) -> a06ak00000amzC1AAI|2026-03-17|11:00:00.000Z | AC61: =IF(Lessons[[#This Row],[Double Booked Key]]="","",COUNTIF(Lessons[Double Booked Key],Lessons[[#This Row],[Double Booked Key]])) -> 1 | AD61: =_xlfn.XLOOKUP(Lessons[[#This Row],[Location_External_Id__c]], Locations[Location Id], Locations[Location Name]) -> Toms River | AE61: =TEXT(Lessons[[#This Row],[Lesson_Date__c]], "yyyy-mm") -> 2026-03 | AF61: =IF(Lessons[[#This Row],[Lesson_Date__c]]<=Data_Audit!$F$1, "Yes", "No") -> Yes
A62: 005ak00000icyWTAAY | B62: 2026-09-14T21:01:58.000Z | C62: 30 | D62: a0Aak00000FtDmXEAV | E62: a06ak00000amzC1AAI | F62: Valentina Nakamura | H62: Drums | I62: FALSE | K62: 005ak00000icyWTAAY | L62: 2026-09-16T17:01:26.000Z | M62: 2026-09-15T17:47:56.000Z | N62: 2026-09-15T17:47:56.000Z | O62: 46199 | P62: LSN-00061 | Q62: L-0000061 | R62: 131ak000001XjDvAAK | S62: FALSE | T62: FALSE | U62: L-0000061 | V62: 10:00:00.000Z | W62: Completed | X62: a07ak00001rZMpKAAW | Y62: Sofia Sullivan | Z62: 2026-09-16T17:01:26.000Z | AA62: =ISNUMBER(SEARCH(";"&Lessons[[#This Row],[Instrument__c]]&";",";"&_xlfn.XLOOKUP(Lessons[[#This Row],[Instructor_External_Id__c]], Instructors[Id], Instructors[Instruments_Taught__c])&";")) -> TRUE | AB62: =IF(LEFT(Lessons[[#This Row],[Status__c]],9)="Cancelled","",Lessons[[#This Row],[Instructor_External_Id__c]]&"|"&TEXT(Lessons[[#This Row],[Lesson_Date__c]],"yyyy-mm-dd")&"|"&Lessons[[#This Row],[Start_Time__c]]) -> a06ak00000amzC1AAI|2026-06-26|10:00:00.000Z | AC62: =IF(Lessons[[#This Row],[Double Booked Key]]="","",COUNTIF(Lessons[Double Booked Key],Lessons[[#This Row],[Double Booked Key]])) -> 1 | AD62: =_xlfn.XLOOKUP(Lessons[[#This Row],[Location_External_Id__c]], Locations[Location Id], Locations[Location Name]) -> Toms River | AE62: =TEXT(Lessons[[#This Row],[Lesson_Date__c]], "yyyy-mm") -> 2026-06 | AF62: =IF(Lessons[[#This Row],[Lesson_Date__c]]<=Data_Audit!$F$1, "Yes", "No") -> Yes
A63: 005ak00000icyWTAAY | B63: 2026-09-14T21:01:58.000Z | C63: 30 | D63: a0Aak00000FtDmYEAV | E63: a06ak00000amzC1AAI | F63: Valentina Nakamura | G63: Reviewed last week&#39;s assignment. | H63: Drums | I63: FALSE | K63: 005ak00000icyWTAAY | L63: 2026-09-16T17:01:26.000Z | M63: 2026-09-15T17:47:56.000Z | N63: 2026-09-15T17:47:56.000Z | O63: 46283 | P63: LSN-00062 | Q63: L-0000062 | R63: 131ak000001XjDvAAK | S63: FALSE | T63: FALSE | U63: L-0000062 | V63: 19:00:00.000Z | W63: Completed | X63: a07ak00001rZMpKAAW | Y63: Sofia Sullivan | Z63: 2026-09-16T17:01:26.000Z | AA63: =ISNUMBER(SEARCH(";"&Lessons[[#This Row],[Instrument__c]]&";",";"&_xlfn.XLOOKUP(Lessons[[#This Row],[Instructor_External_Id__c]], Instructors[Id], Instructors[Instruments_Taught__c])&";")) -> TRUE | AB63: =IF(LEFT(Lessons[[#This Row],[Status__c]],9)="Cancelled","",Lessons[[#This Row],[Instructor_External_Id__c]]&"|"&TEXT(Lessons[[#This Row],[Lesson_Date__c]],"yyyy-mm-dd")&"|"&Lessons[[#This Row],[Start_Time__c]]) -> a06ak00000amzC1AAI|2026-09-18|19:00:00.000Z | AC63: =IF(Lessons[[#This Row],[Double Booked Key]]="","",COUNTIF(Lessons[Double Booked Key],Lessons[[#This Row],[Double Booked Key]])) -> 1 | AD63: =_xlfn.XLOOKUP(Lessons[[#This Row],[Location_External_Id__c]], Locations[Location Id], Locations[Location Name]) -> Toms River | AE63: =TEXT(Lessons[[#This Row],[Lesson_Date__c]], "yyyy-mm") -> 2026-09 | AF63: =IF(Lessons[[#This Row],[Lesson_Date__c]]<=Data_Audit!$F$1, "Yes", "No") -> Yes
A64: 005ak00000icyWTAAY | B64: 2026-09-14T21:01:58.000Z | C64: 45 | D64: a0Aak00000FtDmZEAV | E64: a06ak00000amzC1AAI | F64: Valentina Nakamura | H64: Drums | I64: FALSE | K64: 005ak00000icyWTAAY | L64: 2026-09-16T17:01:26.000Z | M64: 2026-09-15T17:47:56.000Z | N64: 2026-09-15T17:47:56.000Z | O64: 46261 | P64: LSN-00063 | Q64: L-0000063 | R64: 131ak000001XjDvAAK | S64: FALSE | T64: FALSE | U64: L-0000063 | V64: 17:00:00.000Z | W64: No Show | X64: a07ak00001rZMpKAAW | Y64: Sofia Sullivan | Z64: 2026-09-16T17:01:26.000Z | AA64: =ISNUMBER(SEARCH(";"&Lessons[[#This Row],[Instrument__c]]&";",";"&_xlfn.XLOOKUP(Lessons[[#This Row],[Instructor_External_Id__c]], Instructors[Id], Instructors[Instruments_Taught__c])&";")) -> TRUE | AB64: =IF(LEFT(Lessons[[#This Row],[Status__c]],9)="Cancelled","",Lessons[[#This Row],[Instructor_External_Id__c]]&"|"&TEXT(Lessons[[#This Row],[Lesson_Date__c]],"yyyy-mm-dd")&"|"&Lessons[[#This Row],[Start_Time__c]]) -> a06ak00000amzC1AAI|2026-08-27|17:00:00.000Z | AC64: =IF(Lessons[[#This Row],[Double Booked Key]]="","",COUNTIF(Lessons[Double Booked Key],Lessons[[#This Row],[Double Booked Key]])) -> 1 | AD64: =_xlfn.XLOOKUP(Lessons[[#This Row],[Location_External_Id__c]], Locations[Location Id], Locations[Location Name]) -> Toms River | AE64: =TEXT(Lessons[[#This Row],[Lesson_Date__c]], "yyyy-mm") -> 2026-08 | AF64: =IF(Lessons[[#This Row],[Lesson_Date__c]]<=Data_Audit!$F$1, "Yes", "No") -> Yes
A65: 005ak00000icyWTAAY | B65: 2026-09-14T21:01:58.000Z | C65: 30 | D65: a0Aak00000FtDmaEAF | E65: a06ak00000amzCIAAY | F65: Omar Nelson | H65: Voice | I65: FALSE | K65: 005ak00000icyWTAAY | L65: 2026-09-16T17:01:26.000Z | M65: 2026-09-15T17:27:06.000Z | N65: 2026-09-15T17:27:06.000Z | O65: 46149 | P65: LSN-00064 | Q65: L-0000064 | R65: 131ak000001XjDvAAK | S65: FALSE | T65: FALSE | U65: L-0000064 | V65: 19:00:00.000Z | W65: Completed | X65: a07ak00001rZMpLAAW | Y65: Nathan Ahmed | Z65: 2026-09-16T17:01:26.000Z | AA65: =ISNUMBER(SEARCH(";"&Lessons[[#This Row],[Instrument__c]]&";",";"&_xlfn.XLOOKUP(Lessons[[#This Row],[Instructor_External_Id__c]], Instructors[Id], Instructors[Instruments_Taught__c])&";")) -> TRUE | AB65: =IF(LEFT(Lessons[[#This Row],[Status__c]],9)="Cancelled","",Lessons[[#This Row],[Instructor_External_Id__c]]&"|"&TEXT(Lessons[[#This Row],[Lesson_Date__c]],"yyyy-mm-dd")&"|"&Lessons[[#This Row],[Start_Time__c]]) -> a06ak00000amzCIAAY|2026-05-07|19:00:00.000Z | AC65: =IF(Lessons[[#This Row],[Double Booked Key]]="","",COUNTIF(Lessons[Double Booked Key],Lessons[[#This Row],[Double Booked Key]])) -> 1 | AD65: =_xlfn.XLOOKUP(Lessons[[#This Row],[Location_External_Id__c]], Locations[Location Id], Locations[Location Name]) -> Toms River | AE65: =TEXT(Lessons[[#This Row],[Lesson_Date__c]], "yyyy-mm") -> 2026-05 | AF65: =IF(Lessons[[#This Row],[Lesson_Date__c]]<=Data_Audit!$F$1, "Yes", "No") -> Yes
A66: 005ak00000icyWTAAY | B66: 2026-09-14T21:01:58.000Z | C66: 30 | D66: a0Aak00000FtDmbEAF | E66: a06ak00000amzCIAAY | F66: Omar Nelson | H66: Voice | I66: FALSE | K66: 005ak00000icyWTAAY | L66: 2026-09-16T17:01:26.000Z | M66: 2026-09-15T17:27:06.000Z | N66: 2026-09-15T17:27:06.000Z | O66: 46266 | P66: LSN-00065 | Q66: L-0000065 | R66: 131ak000001XjDvAAK | S66: FALSE | T66: FALSE | U66: L-0000065 | V66: 15:00:00.000Z | W66: Cancelled by Student | X66: a07ak00001rZMpLAAW | Y66: Nathan Ahmed | Z66: 2026-09-16T17:01:26.000Z | AA66: =ISNUMBER(SEARCH(";"&Lessons[[#This Row],[Instrument__c]]&";",";"&_xlfn.XLOOKUP(Lessons[[#This Row],[Instructor_External_Id__c]], Instructors[Id], Instructors[Instruments_Taught__c])&";")) -> TRUE | AB66: =IF(LEFT(Lessons[[#This Row],[Status__c]],9)="Cancelled","",Lessons[[#This Row],[Instructor_External_Id__c]]&"|"&TEXT(Lessons[[#This Row],[Lesson_Date__c]],"yyyy-mm-dd")&"|"&Lessons[[#This Row],[Start_Time__c]]) | AC66: =IF(Lessons[[#This Row],[Double Booked Key]]="","",COUNTIF(Lessons[Double Booked Key],Lessons[[#This Row],[Double Booked Key]])) | AD66: =_xlfn.XLOOKUP(Lessons[[#This Row],[Location_External_Id__c]], Locations[Location Id], Locations[Location Name]) -> Toms River | AE66: =TEXT(Lessons[[#This Row],[Lesson_Date__c]], "yyyy-mm") -> 2026-09 | AF66: =IF(Lessons[[#This Row],[Lesson_Date__c]]<=Data_Audit!$F$1, "Yes", "No") -> Yes
A67: 005ak00000icyWTAAY | B67: 2026-09-14T21:01:58.000Z | C67: 30 | D67: a0Aak00000FtDmcEAF | E67: a06ak00000amzCIAAY | F67: Omar Nelson | G67: Good progress on technique. | H67: Voice | I67: FALSE | K67: 005ak00000icyWTAAY | L67: 2026-09-16T17:01:26.000Z | M67: 2026-09-15T17:27:06.000Z | N67: 2026-09-15T17:27:06.000Z | O67: 46234 | P67: LSN-00066 | Q67: L-0000066 | R67: 131ak000001XjDvAAK | S67: FALSE | T67: FALSE | U67: L-0000066 | V67: 17:00:00.000Z | W67: Completed | X67: a07ak00001rZMpLAAW | Y67: Nathan Ahmed | Z67: 2026-09-16T17:01:26.000Z | AA67: =ISNUMBER(SEARCH(";"&Lessons[[#This Row],[Instrument__c]]&";",";"&_xlfn.XLOOKUP(Lessons[[#This Row],[Instructor_External_Id__c]], Instructors[Id], Instructors[Instruments_Taught__c])&";")) -> TRUE | AB67: =IF(LEFT(Lessons[[#This Row],[Status__c]],9)="Cancelled","",Lessons[[#This Row],[Instructor_External_Id__c]]&"|"&TEXT(Lessons[[#This Row],[Lesson_Date__c]],"yyyy-mm-dd")&"|"&Lessons[[#This Row],[Start_Time__c]]) -> a06ak00000amzCIAAY|2026-07-31|17:00:00.000Z | AC67: =IF(Lessons[[#This Row],[Double Booked Key]]="","",COUNTIF(Lessons[Double Booked Key],Lessons[[#This Row],[Double Booked Key]])) -> 1 | AD67: =_xlfn.XLOOKUP(Lessons[[#This Row],[Location_External_Id__c]], Locations[Location Id], Locations[Location Name]) -> Toms River | AE67: =TEXT(Lessons[[#This Row],[Lesson_Date__c]], "yyyy-mm") -> 2026-07 | AF67: =IF(Lessons[[#This Row],[Lesson_Date__c]]<=Data_Audit!$F$1, "Yes", "No") -> Yes
A68: 005ak00000icyWTAAY | B68: 2026-09-14T21:01:58.000Z | C68: 45 | D68: a0Aak00000FtDmdEAF | E68: a06ak00000amzCIAAY | F68: Omar Nelson | H68: Voice | I68: FALSE | K68: 005ak00000icyWTAAY | L68: 2026-09-16T17:01:26.000Z | M68: 2026-09-15T17:27:06.000Z | N68: 2026-09-15T17:27:06.000Z | O68: 46292 | P68: LSN-00067 | Q68: L-0000067 | R68: 131ak000001XjDvAAK | S68: FALSE | T68: FALSE | U68: L-0000067 | V68: 19:00:00.000Z | W68: No Show | X68: a07ak00001rZMpLAAW | Y68: Nathan Ahmed | Z68: 2026-09-16T17:01:26.000Z | AA68: =ISNUMBER(SEARCH(";"&Lessons[[#This Row],[Instrument__c]]&";",";"&_xlfn.XLOOKUP(Lessons[[#This Row],[Instructor_External_Id__c]], Instructors[Id], Instructors[Instruments_Taught__c])&";")) -> TRUE | AB68: =IF(LEFT(Lessons[[#This Row],[Status__c]],9)="Cancelled","",Lessons[[#This Row],[Instructor_External_Id__c]]&"|"&TEXT(Lessons[[#This Row],[Lesson_Date__c]],"yyyy-mm-dd")&"|"&Lessons[[#This Row],[Start_Time__c]]) -> a06ak00000amzCIAAY|2026-09-27|19:00:00.000Z | AC68: =IF(Lessons[[#This Row],[Double Booked Key]]="","",COUNTIF(Lessons[Double Booked Key],Lessons[[#This Row],[Double Booked Key]])) -> 1 | AD68: =_xlfn.XLOOKUP(Lessons[[#This Row],[Location_External_Id__c]], Locations[Location Id], Locations[Location Name]) -> Toms River | AE68: =TEXT(Lessons[[#This Row],[Lesson_Date__c]], "yyyy-mm") -> 2026-09 | AF68: =IF(Lessons[[#This Row],[Lesson_Date__c]]<=Data_Audit!$F$1, "Yes", "No") -> Yes
A69: 005ak00000icyWTAAY | B69: 2026-09-14T21:01:58.000Z | C69: 30 | D69: a0Aak00000FtDmeEAF | E69: a06ak00000amzCIAAY | F69: Omar Nelson | G69: Reviewed last week&#39;s assignment. | H69: Voice | I69: FALSE | K69: 005ak00000icyWTAAY | L69: 2026-09-16T17:01:26.000Z | M69: 2026-09-15T17:27:06.000Z | N69: 2026-09-15T17:27:06.000Z | O69: 46138 | P69: LSN-00068 | Q69: L-0000068 | R69: 131ak000001XjDvAAK | S69: FALSE | T69: FALSE | U69: L-0000068 | V69: 11:00:00.000Z | W69: Completed | X69: a07ak00001rZMpLAAW | Y69: Nathan Ahmed | Z69: 2026-09-16T17:01:26.000Z | AA69: =ISNUMBER(SEARCH(";"&Lessons[[#This Row],[Instrument__c]]&";",";"&_xlfn.XLOOKUP(Lessons[[#This Row],[Instructor_External_Id__c]], Instructors[Id], Instructors[Instruments_Taught__c])&";")) -> TRUE | AB69: =IF(LEFT(Lessons[[#This Row],[Status__c]],9)="Cancelled","",Lessons[[#This Row],[Instructor_External_Id__c]]&"|"&TEXT(Lessons[[#This Row],[Lesson_Date__c]],"yyyy-mm-dd")&"|"&Lessons[[#This Row],[Start_Time__c]]) -> a06ak00000amzCIAAY|2026-04-26|11:00:00.000Z | AC69: =IF(Lessons[[#This Row],[Double Booked Key]]="","",COUNTIF(Lessons[Double Booked Key],Lessons[[#This Row],[Double Booked Key]])) -> 1 | AD69: =_xlfn.XLOOKUP(Lessons[[#This Row],[Location_External_Id__c]], Locations[Location Id], Locations[Location Name]) -> Toms River | AE69: =TEXT(Lessons[[#This Row],[Lesson_Date__c]], "yyyy-mm") -> 2026-04 | AF69: =IF(Lessons[[#This Row],[Lesson_Date__c]]<=Data_Audit!$F$1, "Yes", "No") -> Yes
A70: 005ak00000icyWTAAY | B70: 2026-09-14T21:01:58.000Z | C70: 30 | D70: a0Aak00000FtDmfEAF | E70: a06ak00000amzCIAAY | F70: Omar Nelson | G70: Reviewed last week&#39;s assignment. | H70: Voice | I70: FALSE | K70: 005ak00000icyWTAAY | L70: 2026-09-16T17:01:26.000Z | M70: 2026-09-15T17:27:06.000Z | N70: 2026-09-15T17:27:06.000Z | O70: 46042 | P70: LSN-00069 | Q70: L-0000069 | R70: 131ak000001XjDvAAK | S70: FALSE | T70: FALSE | U70: L-0000069 | V70: 16:30:00.000Z | W70: Completed | X70: a07ak00001rZMpLAAW | Y70: Nathan Ahmed | Z70: 2026-09-16T17:01:26.000Z | AA70: =ISNUMBER(SEARCH(";"&Lessons[[#This Row],[Instrument__c]]&";",";"&_xlfn.XLOOKUP(Lessons[[#This Row],[Instructor_External_Id__c]], Instructors[Id], Instructors[Instruments_Taught__c])&";")) -> TRUE | AB70: =IF(LEFT(Lessons[[#This Row],[Status__c]],9)="Cancelled","",Lessons[[#This Row],[Instructor_External_Id__c]]&"|"&TEXT(Lessons[[#This Row],[Lesson_Date__c]],"yyyy-mm-dd")&"|"&Lessons[[#This Row],[Start_Time__c]]) -> a06ak00000amzCIAAY|2026-01-20|16:30:00.000Z | AC70: =IF(Lessons[[#This Row],[Double Booked Key]]="","",COUNTIF(Lessons[Double Booked Key],Lessons[[#This Row],[Double Booked Key]])) -> 1 | AD70: =_xlfn.XLOOKUP(Lessons[[#This Row],[Location_External_Id__c]], Locations[Location Id], Locations[Location Name]) -> Toms River | AE70: =TEXT(Lessons[[#This Row],[Lesson_Date__c]], "yyyy-mm") -> 2026-01 | AF70: =IF(Lessons[[#This Row],[Lesson_Date__c]]<=Data_Audit!$F$1, "Yes", "No") -> Yes
A71: 005ak00000icyWTAAY | B71: 2026-09-14T21:01:58.000Z | C71: 45 | D71: a0Aak00000FtDmgEAF | E71: a06ak00000amzBiAAI | F71: Zoey Torres | H71: Bass Guitar | I71: FALSE | K71: 005ak00000icyWTAAY | L71: 2026-09-16T17:01:26.000Z | M71: 2026-09-15T17:27:06.000Z | N71: 2026-09-15T17:27:06.000Z | O71: 46284 | P71: LSN-00070 | Q71: L-0000070 | R71: 131ak000001XjDtAAK | S71: FALSE | T71: FALSE | U71: L-0000070 | V71: 10:00:00.000Z | W71: Completed | X71: a07ak00001rZMpMAAW | Y71: Rowan Carter | Z71: 2026-09-16T17:01:26.000Z | AA71: =ISNUMBER(SEARCH(";"&Lessons[[#This Row],[Instrument__c]]&";",";"&_xlfn.XLOOKUP(Lessons[[#This Row],[Instructor_External_Id__c]], Instructors[Id], Instructors[Instruments_Taught__c])&";")) -> TRUE | AB71: =IF(LEFT(Lessons[[#This Row],[Status__c]],9)="Cancelled","",Lessons[[#This Row],[Instructor_External_Id__c]]&"|"&TEXT(Lessons[[#This Row],[Lesson_Date__c]],"yyyy-mm-dd")&"|"&Lessons[[#This Row],[Start_Time__c]]) -> a06ak00000amzBiAAI|2026-09-19|10:00:00.000Z | AC71: =IF(Lessons[[#This Row],[Double Booked Key]]="","",COUNTIF(Lessons[Double Booked Key],Lessons[[#This Row],[Double Booked Key]])) -> 1 | AD71: =_xlfn.XLOOKUP(Lessons[[#This Row],[Location_External_Id__c]], Locations[Location Id], Locations[Location Name]) -> Red Bank | AE71: =TEXT(Lessons[[#This Row],[Lesson_Date__c]], "yyyy-mm") -> 2026-09 | AF71: =IF(Lessons[[#This Row],[Lesson_Date__c]]<=Data_Audit!$F$1, "Yes", "No") -> Yes
A72: 005ak00000icyWTAAY | B72: 2026-09-14T21:01:58.000Z | C72: 60 | D72: a0Aak00000FtDmhEAF | E72: a06ak00000amzBiAAI | F72: Zoey Torres | G72: Good progress on technique. | H72: Bass Guitar | I72: FALSE | K72: 005ak00000icyWTAAY | L72: 2026-09-16T17:01:26.000Z | M72: 2026-09-15T17:47:56.000Z | N72: 2026-09-15T17:47:56.000Z | O72: 46056 | P72: LSN-00071 | Q72: L-0000071 | R72: 131ak000001XjDtAAK | S72: FALSE | T72: FALSE | U72: L-0000071 | V72: 17:00:00.000Z | W72: Completed | X72: a07ak00001rZMpMAAW | Y72: Rowan Carter | Z72: 2026-09-16T17:01:26.000Z | AA72: =ISNUMBER(SEARCH(";"&Lessons[[#This Row],[Instrument__c]]&";",";"&_xlfn.XLOOKUP(Lessons[[#This Row],[Instructor_External_Id__c]], Instructors[Id], Instructors[Instruments_Taught__c])&";")) -> TRUE | AB72: =IF(LEFT(Lessons[[#This Row],[Status__c]],9)="Cancelled","",Lessons[[#This Row],[Instructor_External_Id__c]]&"|"&TEXT(Lessons[[#This Row],[Lesson_Date__c]],"yyyy-mm-dd")&"|"&Lessons[[#This Row],[Start_Time__c]]) -> a06ak00000amzBiAAI|2026-02-03|17:00:00.000Z | AC72: =IF(Lessons[[#This Row],[Double Booked Key]]="","",COUNTIF(Lessons[Double Booked Key],Lessons[[#This Row],[Double Booked Key]])) -> 1 | AD72: =_xlfn.XLOOKUP(Lessons[[#This Row],[Location_External_Id__c]], Locations[Location Id], Locations[Location Name]) -> Red Bank | AE72: =TEXT(Lessons[[#This Row],[Lesson_Date__c]], "yyyy-mm") -> 2026-02 | AF72: =IF(Lessons[[#This Row],[Lesson_Date__c]]<=Data_Audit!$F$1, "Yes", "No") -> Yes
A73: 005ak00000icyWTAAY | B73: 2026-09-14T21:01:58.000Z | C73: 60 | D73: a0Aak00000FtDmiEAF | E73: a06ak00000amzBiAAI | F73: Zoey Torres | H73: Bass Guitar | I73: FALSE | K73: 005ak00000icyWTAAY | L73: 2026-09-16T17:01:26.000Z | M73: 2026-09-15T17:47:56.000Z | N73: 2026-09-15T17:47:56.000Z | O73: 46049 | P73: LSN-00072 | Q73: L-0000072 | R73: 131ak000001XjDtAAK | S73: FALSE | T73: FALSE | U73: L-0000072 | V73: 19:00:00.000Z | W73: Completed | X73: a07ak00001rZMpMAAW | Y73: Rowan Carter | Z73: 2026-09-16T17:01:26.000Z | AA73: =ISNUMBER(SEARCH(";"&Lessons[[#This Row],[Instrument__c]]&";",";"&_xlfn.XLOOKUP(Lessons[[#This Row],[Instructor_External_Id__c]], Instructors[Id], Instructors[Instruments_Taught__c])&";")) -> TRUE | AB73: =IF(LEFT(Lessons[[#This Row],[Status__c]],9)="Cancelled","",Lessons[[#This Row],[Instructor_External_Id__c]]&"|"&TEXT(Lessons[[#This Row],[Lesson_Date__c]],"yyyy-mm-dd")&"|"&Lessons[[#This Row],[Start_Time__c]]) -> a06ak00000amzBiAAI|2026-01-27|19:00:00.000Z | AC73: =IF(Lessons[[#This Row],[Double Booked Key]]="","",COUNTIF(Lessons[Double Booked Key],Lessons[[#This Row],[Double Booked Key]])) -> 1 | AD73: =_xlfn.XLOOKUP(Lessons[[#This Row],[Location_External_Id__c]], Locations[Location Id], Locations[Location Name]) -> Red Bank | AE73: =TEXT(Lessons[[#This Row],[Lesson_Date__c]], "yyyy-mm") -> 2026-01 | AF73: =IF(Lessons[[#This Row],[Lesson_Date__c]]<=Data_Audit!$F$1, "Yes", "No") -> Yes
A74: 005ak00000icyWTAAY | B74: 2026-09-14T21:01:58.000Z | C74: 30 | D74: a0Aak00000FtDmjEAF | E74: a06ak00000amzBiAAI | F74: Zoey Torres | G74: Good progress on technique. | H74: Bass Guitar | I74: FALSE | K74: 005ak00000icyWTAAY | L74: 2026-09-16T17:01:26.000Z | M74: 2026-09-15T17:47:56.000Z | N74: 2026-09-15T17:47:56.000Z | O74: 46166 | P74: LSN-00073 | Q74: L-0000073 | R74: 131ak000001XjDtAAK | S74: FALSE | T74: FALSE | U74: L-0000073 | V74: 16:30:00.000Z | W74: Completed | X74: a07ak00001rZMpMAAW | Y74: Rowan Carter | Z74: 2026-09-16T17:01:26.000Z | AA74: =ISNUMBER(SEARCH(";"&Lessons[[#This Row],[Instrument__c]]&";",";"&_xlfn.XLOOKUP(Lessons[[#This Row],[Instructor_External_Id__c]], Instructors[Id], Instructors[Instruments_Taught__c])&";")) -> TRUE | AB74: =IF(LEFT(Lessons[[#This Row],[Status__c]],9)="Cancelled","",Lessons[[#This Row],[Instructor_External_Id__c]]&"|"&TEXT(Lessons[[#This Row],[Lesson_Date__c]],"yyyy-mm-dd")&"|"&Lessons[[#This Row],[Start_Time__c]]) -> a06ak00000amzBiAAI|2026-05-24|16:30:00.000Z | AC74: =IF(Lessons[[#This Row],[Double Booked Key]]="","",COUNTIF(Lessons[Double Booked Key],Lessons[[#This Row],[Double Booked Key]])) -> 1 | AD74: =_xlfn.XLOOKUP(Lessons[[#This Row],[Location_External_Id__c]], Locations[Location Id], Locations[Location Name]) -> Red Bank | AE74: =TEXT(Lessons[[#This Row],[Lesson_Date__c]], "yyyy-mm") -> 2026-05 | AF74: =IF(Lessons[[#This Row],[Lesson_Date__c]]<=Data_Audit!$F$1, "Yes", "No") -> Yes
A75: 005ak00000icyWTAAY | B75: 2026-09-14T21:01:58.000Z | C75: 30 | D75: a0Aak00000FtDmkEAF | E75: a06ak00000amzBiAAI | F75: Zoey Torres | H75: Bass Guitar | I75: FALSE | K75: 005ak00000icyWTAAY | L75: 2026-09-16T17:01:26.000Z | M75: 2026-09-15T17:47:56.000Z | N75: 2026-09-15T17:47:56.000Z | O75: 46039 | P75: LSN-00074 | Q75: L-0000074 | R75: 131ak000001XjDtAAK | S75: FALSE | T75: FALSE | U75: L-0000074 | V75: 17:30:00.000Z | W75: Completed | X75: a07ak00001rZMpMAAW | Y75: Rowan Carter | Z75: 2026-09-16T17:01:26.000Z | AA75: =ISNUMBER(SEARCH(";"&Lessons[[#This Row],[Instrument__c]]&";",";"&_xlfn.XLOOKUP(Lessons[[#This Row],[Instructor_External_Id__c]], Instructors[Id], Instructors[Instruments_Taught__c])&";")) -> TRUE | AB75: =IF(LEFT(Lessons[[#This Row],[Status__c]],9)="Cancelled","",Lessons[[#This Row],[Instructor_External_Id__c]]&"|"&TEXT(Lessons[[#This Row],[Lesson_Date__c]],"yyyy-mm-dd")&"|"&Lessons[[#This Row],[Start_Time__c]]) -> a06ak00000amzBiAAI|2026-01-17|17:30:00.000Z | AC75: =IF(Lessons[[#This Row],[Double Booked Key]]="","",COUNTIF(Lessons[Double Booked Key],Lessons[[#This Row],[Double Booked Key]])) -> 1 | AD75: =_xlfn.XLOOKUP(Lessons[[#This Row],[Location_External_Id__c]], Locations[Location Id], Locations[Location Name]) -> Red Bank | AE75: =TEXT(Lessons[[#This Row],[Lesson_Date__c]], "yyyy-mm") -> 2026-01 | AF75: =IF(Lessons[[#This Row],[Lesson_Date__c]]<=Data_Audit!$F$1, "Yes", "No") -> Yes
A76: 005ak00000icyWTAAY | B76: 2026-09-14T21:01:58.000Z | C76: 30 | D76: a0Aak00000FtDmlEAF | E76: a06ak00000amzBiAAI | F76: Zoey Torres | G76: Worked on scales and timing. | H76: Bass Guitar | I76: FALSE | K76: 005ak00000icyWTAAY | L76: 2026-09-16T17:01:26.000Z | M76: 2026-09-15T17:47:56.000Z | N76: 2026-09-15T17:47:56.000Z | O76: 46201 | P76: LSN-00075 | Q76: L-0000075 | R76: 131ak000001XjDtAAK | S76: FALSE | T76: FALSE | U76: L-0000075 | V76: 19:00:00.000Z | W76: Completed | X76: a07ak00001rZMpMAAW | Y76: Rowan Carter | Z76: 2026-09-16T17:01:26.000Z | AA76: =ISNUMBER(SEARCH(";"&Lessons[[#This Row],[Instrument__c]]&";",";"&_xlfn.XLOOKUP(Lessons[[#This Row],[Instructor_External_Id__c]], Instructors[Id], Instructors[Instruments_Taught__c])&";")) -> TRUE | AB76: =IF(LEFT(Lessons[[#This Row],[Status__c]],9)="Cancelled","",Lessons[[#This Row],[Instructor_External_Id__c]]&"|"&TEXT(Lessons[[#This Row],[Lesson_Date__c]],"yyyy-mm-dd")&"|"&Lessons[[#This Row],[Start_Time__c]]) -> a06ak00000amzBiAAI|2026-06-28|19:00:00.000Z | AC76: =IF(Lessons[[#This Row],[Double Booked Key]]="","",COUNTIF(Lessons[Double Booked Key],Lessons[[#This Row],[Double Booked Key]])) -> 1 | AD76: =_xlfn.XLOOKUP(Lessons[[#This Row],[Location_External_Id__c]], Locations[Location Id], Locations[Location Name]) -> Red Bank | AE76: =TEXT(Lessons[[#This Row],[Lesson_Date__c]], "yyyy-mm") -> 2026-06 | AF76: =IF(Lessons[[#This Row],[Lesson_Date__c]]<=Data_Audit!$F$1, "Yes", "No") -> Yes
A77: 005ak00000icyWTAAY | B77: 2026-09-14T21:01:58.000Z | C77: 60 | D77: a0Aak00000FtDmmEAF | E77: a06ak00000amzBiAAI | F77: Zoey Torres | G77: Good progress on technique. | H77: Bass Guitar | I77: FALSE | K77: 005ak00000icyWTAAY | L77: 2026-09-16T17:01:26.000Z | M77: 2026-09-15T17:47:56.000Z | N77: 2026-09-15T17:47:56.000Z | O77: 46285 | P77: LSN-00076 | Q77: L-0000076 | R77: 131ak000001XjDtAAK | S77: FALSE | T77: FALSE | U77: L-0000076 | V77: 17:00:00.000Z | W77: Completed | X77: a07ak00001rZMpMAAW | Y77: Rowan Carter | Z77: 2026-09-16T17:01:26.000Z | AA77: =ISNUMBER(SEARCH(";"&Lessons[[#This Row],[Instrument__c]]&";",";"&_xlfn.XLOOKUP(Lessons[[#This Row],[Instructor_External_Id__c]], Instructors[Id], Instructors[Instruments_Taught__c])&";")) -> TRUE | AB77: =IF(LEFT(Lessons[[#This Row],[Status__c]],9)="Cancelled","",Lessons[[#This Row],[Instructor_External_Id__c]]&"|"&TEXT(Lessons[[#This Row],[Lesson_Date__c]],"yyyy-mm-dd")&"|"&Lessons[[#This Row],[Start_Time__c]]) -> a06ak00000amzBiAAI|2026-09-20|17:00:00.000Z | AC77: =IF(Lessons[[#This Row],[Double Booked Key]]="","",COUNTIF(Lessons[Double Booked Key],Lessons[[#This Row],[Double Booked Key]])) -> 1 | AD77: =_xlfn.XLOOKUP(Lessons[[#This Row],[Location_External_Id__c]], Locations[Location Id], Locations[Location Name]) -> Red Bank | AE77: =TEXT(Lessons[[#This Row],[Lesson_Date__c]], "yyyy-mm") -> 2026-09 | AF77: =IF(Lessons[[#This Row],[Lesson_Date__c]]<=Data_Audit!$F$1, "Yes", "No") -> Yes
A78: 005ak00000icyWTAAY | B78: 2026-09-14T21:01:58.000Z | C78: 30 | D78: a0Aak00000FtDmnEAF | E78: a06ak00000amzBiAAI | F78: Zoey Torres | G78: Worked on scales and timing. | H78: Bass Guitar | I78: FALSE | K78: 005ak00000icyWTAAY | L78: 2026-09-16T17:01:26.000Z | M78: 2026-09-15T17:47:56.000Z | N78: 2026-09-15T17:47:56.000Z | O78: 46264 | P78: LSN-00077 | Q78: L-0000077 | R78: 131ak000001XjDtAAK | S78: FALSE | T78: FALSE | U78: L-0000077 | V78: 17:30:00.000Z | W78: Completed | X78: a07ak00001rZMpMAAW | Y78: Rowan Carter | Z78: 2026-09-16T17:01:26.000Z | AA78: =ISNUMBER(SEARCH(";"&Lessons[[#This Row],[Instrument__c]]&";",";"&_xlfn.XLOOKUP(Lessons[[#This Row],[Instructor_External_Id__c]], Instructors[Id], Instructors[Instruments_Taught__c])&";")) -> TRUE | AB78: =IF(LEFT(Lessons[[#This Row],[Status__c]],9)="Cancelled","",Lessons[[#This Row],[Instructor_External_Id__c]]&"|"&TEXT(Lessons[[#This Row],[Lesson_Date__c]],"yyyy-mm-dd")&"|"&Lessons[[#This Row],[Start_Time__c]]) -> a06ak00000amzBiAAI|2026-08-30|17:30:00.000Z | AC78: =IF(Lessons[[#This Row],[Double Booked Key]]="","",COUNTIF(Lessons[Double Booked Key],Lessons[[#This Row],[Double Booked Key]])) -> 1 | AD78: =_xlfn.XLOOKUP(Lessons[[#This Row],[Location_External_Id__c]], Locations[Location Id], Locations[Location Name]) -> Red Bank | AE78: =TEXT(Lessons[[#This Row],[Lesson_Date__c]], "yyyy-mm") -> 2026-08 | AF78: =IF(Lessons[[#This Row],[Lesson_Date__c]]<=Data_Audit!$F$1, "Yes", "No") -> Yes
A79: 005ak00000icyWTAAY | B79: 2026-09-14T21:01:58.000Z | C79: 60 | D79: a0Aak00000FtDmoEAF | E79: a06ak00000amzBiAAI | F79: Zoey Torres | G79: Reviewed last week&#39;s assignment. | H79: Bass Guitar | I79: FALSE | K79: 005ak00000icyWTAAY | L79: 2026-09-16T17:01:26.000Z | M79: 2026-09-15T17:47:56.000Z | N79: 2026-09-15T17:47:56.000Z | O79: 46225 | P79: LSN-00078 | Q79: L-0000078 | R79: 131ak000001XjDtAAK | S79: FALSE | T79: FALSE | U79: L-0000078 | V79: 15:30:00.000Z | W79: Completed | X79: a07ak00001rZMpMAAW | Y79: Rowan Carter | Z79: 2026-09-16T17:01:26.000Z | AA79: =ISNUMBER(SEARCH(";"&Lessons[[#This Row],[Instrument__c]]&";",";"&_xlfn.XLOOKUP(Lessons[[#This Row],[Instructor_External_Id__c]], Instructors[Id], Instructors[Instruments_Taught__c])&";")) -> TRUE | AB79: =IF(LEFT(Lessons[[#This Row],[Status__c]],9)="Cancelled","",Lessons[[#This Row],[Instructor_External_Id__c]]&"|"&TEXT(Lessons[[#This Row],[Lesson_Date__c]],"yyyy-mm-dd")&"|"&Lessons[[#This Row],[Start_Time__c]]) -> a06ak00000amzBiAAI|2026-07-22|15:30:00.000Z | AC79: =IF(Lessons[[#This Row],[Double Booked Key]]="","",COUNTIF(Lessons[Double Booked Key],Lessons[[#This Row],[Double Booked Key]])) -> 1 | AD79: =_xlfn.XLOOKUP(Lessons[[#This Row],[Location_External_Id__c]], Locations[Location Id], Locations[Location Name]) -> Red Bank | AE79: =TEXT(Lessons[[#This Row],[Lesson_Date__c]], "yyyy-mm") -> 2026-07 | AF79: =IF(Lessons[[#This Row],[Lesson_Date__c]]<=Data_Audit!$F$1, "Yes", "No") -> Yes
A80: 005ak00000icyWTAAY | B80: 2026-09-14T21:01:58.000Z | C80: 30 | D80: a0Aak00000FtDmpEAF | E80: a06ak00000amzBpAAI | F80: Liam Lopez | H80: Flute | I80: FALSE | K80: 005ak00000icyWTAAY | L80: 2026-09-16T17:01:26.000Z | M80: 2026-09-15T17:47:56.000Z | N80: 2026-09-15T17:47:56.000Z | O80: 46225 | P80: LSN-00079 | Q80: L-0000079 | R80: 131ak000001XjDuAAK | S80: FALSE | T80: FALSE | U80: L-0000079 | V80: 17:00:00.000Z | W80: Cancelled by Student | X80: a07ak00001rZMpNAAW | Y80: Hazel Walker | Z80: 2026-09-16T17:01:26.000Z | AA80: =ISNUMBER(SEARCH(";"&Lessons[[#This Row],[Instrument__c]]&";",";"&_xlfn.XLOOKUP(Lessons[[#This Row],[Instructor_External_Id__c]], Instructors[Id], Instructors[Instruments_Taught__c])&";")) -> TRUE | AB80: =IF(LEFT(Lessons[[#This Row],[Status__c]],9)="Cancelled","",Lessons[[#This Row],[Instructor_External_Id__c]]&"|"&TEXT(Lessons[[#This Row],[Lesson_Date__c]],"yyyy-mm-dd")&"|"&Lessons[[#This Row],[Start_Time__c]]) | AC80: =IF(Lessons[[#This Row],[Double Booked Key]]="","",COUNTIF(Lessons[Double Booked Key],Lessons[[#This Row],[Double Booked Key]])) | AD80: =_xlfn.XLOOKUP(Lessons[[#This Row],[Location_External_Id__c]], Locations[Location Id], Locations[Location Name]) -> Brick | AE80: =TEXT(Lessons[[#This Row],[Lesson_Date__c]], "yyyy-mm") -> 2026-07 | AF80: =IF(Lessons[[#This Row],[Lesson_Date__c]]<=Data_Audit!$F$1, "Yes", "No") -> Yes
A81: 005ak00000icyWTAAY | B81: 2026-09-14T21:01:58.000Z | C81: 30 | D81: a0Aak00000FtDmqEAF | E81: a06ak00000amzBpAAI | F81: Liam Lopez | G81: Good progress on technique. | H81: Flute | I81: FALSE | K81: 005ak00000icyWTAAY | L81: 2026-09-16T17:01:26.000Z | M81: 2026-09-15T17:47:56.000Z | N81: 2026-09-15T17:47:56.000Z | O81: 46224 | P81: LSN-00080 | Q81: L-0000080 | R81: 131ak000001XjDuAAK | S81: FALSE | T81: FALSE | U81: L-0000080 | V81: 17:30:00.000Z | W81: Completed | X81: a07ak00001rZMpNAAW | Y81: Hazel Walker | Z81: 2026-09-16T17:01:26.000Z | AA81: =ISNUMBER(SEARCH(";"&Lessons[[#This Row],[Instrument__c]]&";",";"&_xlfn.XLOOKUP(Lessons[[#This Row],[Instructor_External_Id__c]], Instructors[Id], Instructors[Instruments_Taught__c])&";")) -> TRUE | AB81: =IF(LEFT(Lessons[[#This Row],[Status__c]],9)="Cancelled","",Lessons[[#This Row],[Instructor_External_Id__c]]&"|"&TEXT(Lessons[[#This Row],[Lesson_Date__c]],"yyyy-mm-dd")&"|"&Lessons[[#This Row],[Start_Time__c]]) -> a06ak00000amzBpAAI|2026-07-21|17:30:00.000Z | AC81: =IF(Lessons[[#This Row],[Double Booked Key]]="","",COUNTIF(Lessons[Double Booked Key],Lessons[[#This Row],[Double Booked Key]])) -> 1 | AD81: =_xlfn.XLOOKUP(Lessons[[#This Row],[Location_External_Id__c]], Locations[Location Id], Locations[Location Name]) -> Brick | AE81: =TEXT(Lessons[[#This Row],[Lesson_Date__c]], "yyyy-mm") -> 2026-07 | AF81: =IF(Lessons[[#This Row],[Lesson_Date__c]]<=Data_Audit!$F$1, "Yes", "No") -> Yes
A82: 005ak00000icyWTAAY | B82: 2026-09-14T21:01:58.000Z | C82: 30 | D82: a0Aak00000FtDmrEAF | E82: a06ak00000amzBfAAI | F82: Mia Smith | G82: Worked on scales and timing. | H82: Clarinet | I82: FALSE | K82: 005ak00000icyWTAAY | L82: 2026-09-16T17:01:26.000Z | M82: 2026-09-15T17:47:56.000Z | N82: 2026-09-15T17:47:56.000Z | O82: 46196 | P82: LSN-00081 | Q82: L-0000081 | R82: 131ak000001XjDvAAK | S82: FALSE | T82: FALSE | U82: L-0000081 | V82: 16:30:00.000Z | W82: Completed | X82: a07ak00001rZMpPAAW | Y82: Aubrey Anderson | Z82: 2026-09-16T17:01:26.000Z | AA82: =ISNUMBER(SEARCH(";"&Lessons[[#This Row],[Instrument__c]]&";",";"&_xlfn.XLOOKUP(Lessons[[#This Row],[Instructor_External_Id__c]], Instructors[Id], Instructors[Instruments_Taught__c])&";")) -> TRUE | AB82: =IF(LEFT(Lessons[[#This Row],[Status__c]],9)="Cancelled","",Lessons[[#This Row],[Instructor_External_Id__c]]&"|"&TEXT(Lessons[[#This Row],[Lesson_Date__c]],"yyyy-mm-dd")&"|"&Lessons[[#This Row],[Start_Time__c]]) -> a06ak00000amzBfAAI|2026-06-23|16:30:00.000Z | AC82: =IF(Lessons[[#This Row],[Double Booked Key]]="","",COUNTIF(Lessons[Double Booked Key],Lessons[[#This Row],[Double Booked Key]])) -> 1 | AD82: =_xlfn.XLOOKUP(Lessons[[#This Row],[Location_External_Id__c]], Locations[Location Id], Locations[Location Name]) -> Toms River | AE82: =TEXT(Lessons[[#This Row],[Lesson_Date__c]], "yyyy-mm") -> 2026-06 | AF82: =IF(Lessons[[#This Row],[Lesson_Date__c]]<=Data_Audit!$F$1, "Yes", "No") -> Yes
A83: 005ak00000icyWTAAY | B83: 2026-09-14T21:01:58.000Z | C83: 30 | D83: a0Aak00000FtDmsEAF | E83: a06ak00000amzBfAAI | F83: Mia Smith | G83: Reviewed last week&#39;s assignment. | H83: Clarinet | I83: FALSE | K83: 005ak00000icyWTAAY | L83: 2026-09-16T17:01:26.000Z | M83: 2026-09-15T17:47:56.000Z | N83: 2026-09-15T17:47:56.000Z | O83: 46123 | P83: LSN-00082 | Q83: L-0000082 | R83: 131ak000001XjDvAAK | S83: FALSE | T83: FALSE | U83: L-0000082 | V83: 16:00:00.000Z | W83: Completed | X83: a07ak00001rZMpPAAW | Y83: Aubrey Anderson | Z83: 2026-09-16T17:01:26.000Z | AA83: =ISNUMBER(SEARCH(";"&Lessons[[#This Row],[Instrument__c]]&";",";"&_xlfn.XLOOKUP(Lessons[[#This Row],[Instructor_External_Id__c]], Instructors[Id], Instructors[Instruments_Taught__c])&";")) -> TRUE | AB83: =IF(LEFT(Lessons[[#This Row],[Status__c]],9)="Cancelled","",Lessons[[#This Row],[Instructor_External_Id__c]]&"|"&TEXT(Lessons[[#This Row],[Lesson_Date__c]],"yyyy-mm-dd")&"|"&Lessons[[#This Row],[Start_Time__c]]) -> a06ak00000amzBfAAI|2026-04-11|16:00:00.000Z | AC83: =IF(Lessons[[#This Row],[Double Booked Key]]="","",COUNTIF(Lessons[Double Booked Key],Lessons[[#This Row],[Double Booked Key]])) -> 1 | AD83: =_xlfn.XLOOKUP(Lessons[[#This Row],[Location_External_Id__c]], Locations[Location Id], Locations[Location Name]) -> Toms River | AE83: =TEXT(Lessons[[#This Row],[Lesson_Date__c]], "yyyy-mm") -> 2026-04 | AF83: =IF(Lessons[[#This Row],[Lesson_Date__c]]<=Data_Audit!$F$1, "Yes", "No") -> Yes
A84: 005ak00000icyWTAAY | B84: 2026-09-14T21:01:58.000Z | C84: 60 | D84: a0Aak00000FtDmtEAF | E84: a06ak00000amzBfAAI | F84: Mia Smith | G84: Worked on scales and timing. | H84: Clarinet | I84: FALSE | K84: 005ak00000icyWTAAY | L84: 2026-09-16T17:01:26.000Z | M84: 2026-09-15T17:47:56.000Z | N84: 2026-09-15T17:47:56.000Z | O84: 46253 | P84: LSN-00083 | Q84: L-0000083 | R84: 131ak000001XjDvAAK | S84: FALSE | T84: FALSE | U84: L-0000083 | V84: 18:30:00.000Z | W84: Completed | X84: a07ak00001rZMpPAAW | Y84: Aubrey Anderson | Z84: 2026-09-16T17:01:26.000Z | AA84: =ISNUMBER(SEARCH(";"&Lessons[[#This Row],[Instrument__c]]&";",";"&_xlfn.XLOOKUP(Lessons[[#This Row],[Instructor_External_Id__c]], Instructors[Id], Instructors[Instruments_Taught__c])&";")) -> TRUE | AB84: =IF(LEFT(Lessons[[#This Row],[Status__c]],9)="Cancelled","",Lessons[[#This Row],[Instructor_External_Id__c]]&"|"&TEXT(Lessons[[#This Row],[Lesson_Date__c]],"yyyy-mm-dd")&"|"&Lessons[[#This Row],[Start_Time__c]]) -> a06ak00000amzBfAAI|2026-08-19|18:30:00.000Z | AC84: =IF(Lessons[[#This Row],[Double Booked Key]]="","",COUNTIF(Lessons[Double Booked Key],Lessons[[#This Row],[Double Booked Key]])) -> 1 | AD84: =_xlfn.XLOOKUP(Lessons[[#This Row],[Location_External_Id__c]], Locations[Location Id], Locations[Location Name]) -> Toms River | AE84: =TEXT(Lessons[[#This Row],[Lesson_Date__c]], "yyyy-mm") -> 2026-08 | AF84: =IF(Lessons[[#This Row],[Lesson_Date__c]]<=Data_Audit!$F$1, "Yes", "No") -> Yes
A85: 005ak00000icyWTAAY | B85: 2026-09-14T21:01:58.000Z | C85: 45 | D85: a0Aak00000FtDmuEAF | E85: a06ak00000amzC5AAI | F85: Penelope Wilson | H85: Drums | I85: FALSE | K85: 005ak00000icyWTAAY | L85: 2026-09-25T18:00:49.000Z | M85: 2026-09-15T17:47:56.000Z | N85: 2026-09-15T17:47:56.000Z | O85: 46272 | P85: LSN-00084 | Q85: L-0000084 | R85: 131ak000001XjDvAAK | S85: TRUE | T85: FALSE | U85: L-0000084 | V85: 16:30:00.000Z | W85: Cancelled by Instructor | X85: a07ak00001rZMpQAAW | Y85: Priya Ramirez | Z85: 2026-09-25T18:00:49.000Z | AA85: =ISNUMBER(SEARCH(";"&Lessons[[#This Row],[Instrument__c]]&";",";"&_xlfn.XLOOKUP(Lessons[[#This Row],[Instructor_External_Id__c]], Instructors[Id], Instructors[Instruments_Taught__c])&";")) -> TRUE | AB85: =IF(LEFT(Lessons[[#This Row],[Status__c]],9)="Cancelled","",Lessons[[#This Row],[Instructor_External_Id__c]]&"|"&TEXT(Lessons[[#This Row],[Lesson_Date__c]],"yyyy-mm-dd")&"|"&Lessons[[#This Row],[Start_Time__c]]) | AC85: =IF(Lessons[[#This Row],[Double Booked Key]]="","",COUNTIF(Lessons[Double Booked Key],Lessons[[#This Row],[Double Booked Key]])) | AD85: =_xlfn.XLOOKUP(Lessons[[#This Row],[Location_External_Id__c]], Locations[Location Id], Locations[Location Name]) -> Toms River | AE85: =TEXT(Lessons[[#This Row],[Lesson_Date__c]], "yyyy-mm") -> 2026-09 | AF85: =IF(Lessons[[#This Row],[Lesson_Date__c]]<=Data_Audit!$F$1, "Yes", "No") -> Yes
A86: 005ak00000icyWTAAY | B86: 2026-09-14T21:01:58.000Z | C86: 45 | D86: a0Aak00000FtDmvEAF | E86: a06ak00000amzC5AAI | F86: Penelope Wilson | H86: Drums | I86: FALSE | K86: 005ak00000icyWTAAY | L86: 2026-09-16T17:01:26.000Z | M86: 2026-09-15T17:47:56.000Z | N86: 2026-09-15T17:47:56.000Z | O86: 46065 | P86: LSN-00085 | Q86: L-0000085 | R86: 131ak000001XjDvAAK | S86: FALSE | T86: FALSE | U86: L-0000085 | V86: 16:00:00.000Z | W86: Cancelled by Student | X86: a07ak00001rZMpQAAW | Y86: Priya Ramirez | Z86: 2026-09-16T17:01:26.000Z | AA86: =ISNUMBER(SEARCH(";"&Lessons[[#This Row],[Instrument__c]]&";",";"&_xlfn.XLOOKUP(Lessons[[#This Row],[Instructor_External_Id__c]], Instructors[Id], Instructors[Instruments_Taught__c])&";")) -> TRUE | AB86: =IF(LEFT(Lessons[[#This Row],[Status__c]],9)="Cancelled","",Lessons[[#This Row],[Instructor_External_Id__c]]&"|"&TEXT(Lessons[[#This Row],[Lesson_Date__c]],"yyyy-mm-dd")&"|"&Lessons[[#This Row],[Start_Time__c]]) | AC86: =IF(Lessons[[#This Row],[Double Booked Key]]="","",COUNTIF(Lessons[Double Booked Key],Lessons[[#This Row],[Double Booked Key]])) | AD86: =_xlfn.XLOOKUP(Lessons[[#This Row],[Location_External_Id__c]], Locations[Location Id], Locations[Location Name]) -> Toms River | AE86: =TEXT(Lessons[[#This Row],[Lesson_Date__c]], "yyyy-mm") -> 2026-02 | AF86: =IF(Lessons[[#This Row],[Lesson_Date__c]]<=Data_Audit!$F$1, "Yes", "No") -> Yes
A87: 005ak00000icyWTAAY | B87: 2026-09-14T21:01:58.000Z | C87: 45 | D87: a0Aak00000FtDmwEAF | E87: a06ak00000amzC5AAI | F87: Penelope Wilson | G87: Focused on sight reading. | H87: Drums | I87: FALSE | K87: 005ak00000icyWTAAY | L87: 2026-09-16T17:01:26.000Z | M87: 2026-09-15T17:47:56.000Z | N87: 2026-09-15T17:47:56.000Z | O87: 46160 | P87: LSN-00086 | Q87: L-0000086 | R87: 131ak000001XjDvAAK | S87: FALSE | T87: FALSE | U87: L-0000086 | V87: 10:00:00.000Z | W87: Completed | X87: a07ak00001rZMpQAAW | Y87: Priya Ramirez | Z87: 2026-09-16T17:01:26.000Z | AA87: =ISNUMBER(SEARCH(";"&Lessons[[#This Row],[Instrument__c]]&";",";"&_xlfn.XLOOKUP(Lessons[[#This Row],[Instructor_External_Id__c]], Instructors[Id], Instructors[Instruments_Taught__c])&";")) -> TRUE | AB87: =IF(LEFT(Lessons[[#This Row],[Status__c]],9)="Cancelled","",Lessons[[#This Row],[Instructor_External_Id__c]]&"|"&TEXT(Lessons[[#This Row],[Lesson_Date__c]],"yyyy-mm-dd")&"|"&Lessons[[#This Row],[Start_Time__c]]) -> a06ak00000amzC5AAI|2026-05-18|10:00:00.000Z | AC87: =IF(Lessons[[#This Row],[Double Booked Key]]="","",COUNTIF(Lessons[Double Booked Key],Lessons[[#This Row],[Double Booked Key]])) -> 1 | AD87: =_xlfn.XLOOKUP(Lessons[[#This Row],[Location_External_Id__c]], Locations[Location Id], Locations[Location Name]) -> Toms River | AE87: =TEXT(Lessons[[#This Row],[Lesson_Date__c]], "yyyy-mm") -> 2026-05 | AF87: =IF(Lessons[[#This Row],[Lesson_Date__c]]<=Data_Audit!$F$1, "Yes", "No") -> Yes
A88: 005ak00000icyWTAAY | B88: 2026-09-14T21:01:58.000Z | C88: 30 | D88: a0Aak00000FtDmxEAF | E88: a06ak00000amzC5AAI | F88: Penelope Wilson | G88: Worked on scales and timing. | H88: Drums | I88: FALSE | K88: 005ak00000icyWTAAY | L88: 2026-09-16T17:01:26.000Z | M88: 2026-09-15T17:47:56.000Z | N88: 2026-09-15T17:47:56.000Z | O88: 46253 | P88: LSN-00087 | Q88: L-0000087 | R88: 131ak000001XjDvAAK | S88: FALSE | T88: FALSE | U88: L-0000087 | V88: 16:00:00.000Z | W88: Completed | X88: a07ak00001rZMpQAAW | Y88: Priya Ramirez | Z88: 2026-09-16T17:01:26.000Z | AA88: =ISNUMBER(SEARCH(";"&Lessons[[#This Row],[Instrument__c]]&";",";"&_xlfn.XLOOKUP(Lessons[[#This Row],[Instructor_External_Id__c]], Instructors[Id], Instructors[Instruments_Taught__c])&";")) -> TRUE | AB88: =IF(LEFT(Lessons[[#This Row],[Status__c]],9)="Cancelled","",Lessons[[#This Row],[Instructor_External_Id__c]]&"|"&TEXT(Lessons[[#This Row],[Lesson_Date__c]],"yyyy-mm-dd")&"|"&Lessons[[#This Row],[Start_Time__c]]) -> a06ak00000amzC5AAI|2026-08-19|16:00:00.000Z | AC88: =IF(Lessons[[#This Row],[Double Booked Key]]="","",COUNTIF(Lessons[Double Booked Key],Lessons[[#This Row],[Double Booked Key]])) -> 1 | AD88: =_xlfn.XLOOKUP(Lessons[[#This Row],[Location_External_Id__c]], Locations[Location Id], Locations[Location Name]) -> Toms River | AE88: =TEXT(Lessons[[#This Row],[Lesson_Date__c]], "yyyy-mm") -> 2026-08 | AF88: =IF(Lessons[[#This Row],[Lesson_Date__c]]<=Data_Audit!$F$1, "Yes", "No") -> Yes
A89: 005ak00000icyWTAAY | B89: 2026-09-14T21:01:58.000Z | C89: 45 | D89: a0Aak00000FtDmyEAF | E89: a06ak00000amzC5AAI | F89: Penelope Wilson | G89: Reviewed last week&#39;s assignment. | H89: Drums | I89: FALSE | K89: 005ak00000icyWTAAY | L89: 2026-09-16T17:01:26.000Z | M89: 2026-09-15T17:47:56.000Z | N89: 2026-09-15T17:47:56.000Z | O89: 46131 | P89: LSN-00088 | Q89: L-0000088 | R89: 131ak000001XjDvAAK | S89: FALSE | T89: FALSE | U89: L-0000088 | V89: 16:00:00.000Z | W89: Completed | X89: a07ak00001rZMpQAAW | Y89: Priya Ramirez | Z89: 2026-09-16T17:01:26.000Z | AA89: =ISNUMBER(SEARCH(";"&Lessons[[#This Row],[Instrument__c]]&";",";"&_xlfn.XLOOKUP(Lessons[[#This Row],[Instructor_External_Id__c]], Instructors[Id], Instructors[Instruments_Taught__c])&";")) -> TRUE | AB89: =IF(LEFT(Lessons[[#This Row],[Status__c]],9)="Cancelled","",Lessons[[#This Row],[Instructor_External_Id__c]]&"|"&TEXT(Lessons[[#This Row],[Lesson_Date__c]],"yyyy-mm-dd")&"|"&Lessons[[#This Row],[Start_Time__c]]) -> a06ak00000amzC5AAI|2026-04-19|16:00:00.000Z | AC89: =IF(Lessons[[#This Row],[Double Booked Key]]="","",COUNTIF(Lessons[Double Booked Key],Lessons[[#This Row],[Double Booked Key]])) -> 1 | AD89: =_xlfn.XLOOKUP(Lessons[[#This Row],[Location_External_Id__c]], Locations[Location Id], Locations[Location Name]) -> Toms River | AE89: =TEXT(Lessons[[#This Row],[Lesson_Date__c]], "yyyy-mm") -> 2026-04 | AF89: =IF(Lessons[[#This Row],[Lesson_Date__c]]<=Data_Audit!$F$1, "Yes", "No") -> Yes
A90: 005ak00000icyWTAAY | B90: 2026-09-14T21:01:58.000Z | C90: 45 | D90: a0Aak00000FtDmzEAF | E90: a06ak00000amzCDAAY | F90: Vincent Kelly | G90: Reviewed last week&#39;s assignment. | H90: Drums | I90: FALSE | K90: 005ak00000icyWTAAY | L90: 2026-09-16T16:41:26.000Z | M90: 2026-09-15T17:47:56.000Z | N90: 2026-09-15T17:47:56.000Z | O90: 46092 | P90: LSN-00089 | Q90: L-0000089 | R90: 131ak000001XjDvAAK | S90: FALSE | T90: FALSE | U90: L-0000089 | V90: 16:30:00.000Z | W90: Scheduled | X90: a07ak00001rZMpQAAW | Y90: Priya Ramirez | Z90: 2026-09-16T16:41:26.000Z | AA90: =ISNUMBER(SEARCH(";"&Lessons[[#This Row],[Instrument__c]]&";",";"&_xlfn.XLOOKUP(Lessons[[#This Row],[Instructor_External_Id__c]], Instructors[Id], Instructors[Instruments_Taught__c])&";")) -> FALSE | AB90: =IF(LEFT(Lessons[[#This Row],[Status__c]],9)="Cancelled","",Lessons[[#This Row],[Instructor_External_Id__c]]&"|"&TEXT(Lessons[[#This Row],[Lesson_Date__c]],"yyyy-mm-dd")&"|"&Lessons[[#This Row],[Start_Time__c]]) -> a06ak00000amzCDAAY|2026-03-11|16:30:00.000Z | AC90: =IF(Lessons[[#This Row],[Double Booked Key]]="","",COUNTIF(Lessons[Double Booked Key],Lessons[[#This Row],[Double Booked Key]])) -> 1 | AD90: =_xlfn.XLOOKUP(Lessons[[#This Row],[Location_External_Id__c]], Locations[Location Id], Locations[Location Name]) -> Toms River | AE90: =TEXT(Lessons[[#This Row],[Lesson_Date__c]], "yyyy-mm") -> 2026-03 | AF90: =IF(Lessons[[#This Row],[Lesson_Date__c]]<=Data_Audit!$F$1, "Yes", "No") -> Yes
A91: 005ak00000icyWTAAY | B91: 2026-09-14T21:01:58.000Z | C91: 45 | D91: a0Aak00000FtDn0EAF | E91: a06ak00000amzC0AAI | F91: James Moore | G91: Worked on scales and timing. | H91: Clarinet | I91: FALSE | K91: 005ak00000icyWTAAY | L91: 2026-09-16T17:01:26.000Z | M91: 2026-10-01T15:53:55.000Z | N91: 2026-10-01T15:53:55.000Z | O91: 46290 | P91: LSN-00090 | Q91: L-0000090 | R91: 131ak000001XjDtAAK | S91: FALSE | T91: FALSE | U91: L-0000090 | V91: 16:00:00.000Z | W91: Completed | X91: a07ak00001rZMpRAAW | Y91: Rowan Wilson | Z91: 2026-09-16T17:01:26.000Z | AA91: =ISNUMBER(SEARCH(";"&Lessons[[#This Row],[Instrument__c]]&";",";"&_xlfn.XLOOKUP(Lessons[[#This Row],[Instructor_External_Id__c]], Instructors[Id], Instructors[Instruments_Taught__c])&";")) -> TRUE | AB91: =IF(LEFT(Lessons[[#This Row],[Status__c]],9)="Cancelled","",Lessons[[#This Row],[Instructor_External_Id__c]]&"|"&TEXT(Lessons[[#This Row],[Lesson_Date__c]],"yyyy-mm-dd")&"|"&Lessons[[#This Row],[Start_Time__c]]) -> a06ak00000amzC0AAI|2026-09-25|16:00:00.000Z | AC91: =IF(Lessons[[#This Row],[Double Booked Key]]="","",COUNTIF(Lessons[Double Booked Key],Lessons[[#This Row],[Double Booked Key]])) -> 1 | AD91: =_xlfn.XLOOKUP(Lessons[[#This Row],[Location_External_Id__c]], Locations[Location Id], Locations[Location Name]) -> Red Bank | AE91: =TEXT(Lessons[[#This Row],[Lesson_Date__c]], "yyyy-mm") -> 2026-09 | AF91: =IF(Lessons[[#This Row],[Lesson_Date__c]]<=Data_Audit!$F$1, "Yes", "No") -> Yes
A92: 005ak00000icyWTAAY | B92: 2026-09-14T21:01:58.000Z | C92: 30 | D92: a0Aak00000FtDn1EAF | E92: a06ak00000amzC0AAI | F92: James Moore | G92: Reviewed last week&#39;s assignment. | H92: Clarinet | I92: FALSE | K92: 005ak00000icyWTAAY | L92: 2026-09-16T17:01:26.000Z | M92: 2026-09-15T17:47:56.000Z | N92: 2026-09-15T17:47:56.000Z | O92: 46050 | P92: LSN-00091 | Q92: L-0000091 | R92: 131ak000001XjDtAAK | S92: FALSE | T92: FALSE | U92: L-0000091 | V92: 18:30:00.000Z | W92: Completed | X92: a07ak00001rZMpRAAW | Y92: Rowan Wilson | Z92: 2026-09-16T17:01:26.000Z | AA92: =ISNUMBER(SEARCH(";"&Lessons[[#This Row],[Instrument__c]]&";",";"&_xlfn.XLOOKUP(Lessons[[#This Row],[Instructor_External_Id__c]], Instructors[Id], Instructors[Instruments_Taught__c])&";")) -> TRUE | AB92: =IF(LEFT(Lessons[[#This Row],[Status__c]],9)="Cancelled","",Lessons[[#This Row],[Instructor_External_Id__c]]&"|"&TEXT(Lessons[[#This Row],[Lesson_Date__c]],"yyyy-mm-dd")&"|"&Lessons[[#This Row],[Start_Time__c]]) -> a06ak00000amzC0AAI|2026-01-28|18:30:00.000Z | AC92: =IF(Lessons[[#This Row],[Double Booked Key]]="","",COUNTIF(Lessons[Double Booked Key],Lessons[[#This Row],[Double Booked Key]])) -> 1 | AD92: =_xlfn.XLOOKUP(Lessons[[#This Row],[Location_External_Id__c]], Locations[Location Id], Locations[Location Name]) -> Red Bank | AE92: =TEXT(Lessons[[#This Row],[Lesson_Date__c]], "yyyy-mm") -> 2026-01 | AF92: =IF(Lessons[[#This Row],[Lesson_Date__c]]<=Data_Audit!$F$1, "Yes", "No") -> Yes
A93: 005ak00000icyWTAAY | B93: 2026-09-14T21:01:58.000Z | C93: 30 | D93: a0Aak00000FtDn2EAF | E93: a06ak00000amzC0AAI | F93: James Moore | G93: Started new piece. | H93: Clarinet | I93: FALSE | K93: 005ak00000icyWTAAY | L93: 2026-09-16T17:01:26.000Z | M93: 2026-09-15T17:47:56.000Z | N93: 2026-09-15T17:47:56.000Z | O93: 46040 | P93: LSN-00092 | Q93: L-0000092 | R93: 131ak000001XjDtAAK | S93: FALSE | T93: FALSE | U93: L-0000092 | V93: 19:00:00.000Z | W93: Completed | X93: a07ak00001rZMpRAAW | Y93: Rowan Wilson | Z93: 2026-09-16T17:01:26.000Z | AA93: =ISNUMBER(SEARCH(";"&Lessons[[#This Row],[Instrument__c]]&";",";"&_xlfn.XLOOKUP(Lessons[[#This Row],[Instructor_External_Id__c]], Instructors[Id], Instructors[Instruments_Taught__c])&";")) -> TRUE | AB93: =IF(LEFT(Lessons[[#This Row],[Status__c]],9)="Cancelled","",Lessons[[#This Row],[Instructor_External_Id__c]]&"|"&TEXT(Lessons[[#This Row],[Lesson_Date__c]],"yyyy-mm-dd")&"|"&Lessons[[#This Row],[Start_Time__c]]) -> a06ak00000amzC0AAI|2026-01-18|19:00:00.000Z | AC93: =IF(Lessons[[#This Row],[Double Booked Key]]="","",COUNTIF(Lessons[Double Booked Key],Lessons[[#This Row],[Double Booked Key]])) -> 1 | AD93: =_xlfn.XLOOKUP(Lessons[[#This Row],[Location_External_Id__c]], Locations[Location Id], Locations[Location Name]) -> Red Bank | AE93: =TEXT(Lessons[[#This Row],[Lesson_Date__c]], "yyyy-mm") -> 2026-01 | AF93: =IF(Lessons[[#This Row],[Lesson_Date__c]]<=Data_Audit!$F$1, "Yes", "No") -> Yes
A94: 005ak00000icyWTAAY | B94: 2026-09-14T21:01:58.000Z | C94: 30 | D94: a0Aak00000FtDn3EAF | E94: a06ak00000amzC0AAI | F94: James Moore | G94: Reviewed last week&#39;s assignment. | H94: Clarinet | I94: FALSE | K94: 005ak00000icyWTAAY | L94: 2026-09-16T17:01:26.000Z | M94: 2026-09-15T17:47:56.000Z | N94: 2026-09-15T17:47:56.000Z | O94: 46256 | P94: LSN-00093 | Q94: L-0000093 | R94: 131ak000001XjDtAAK | S94: FALSE | T94: FALSE | U94: L-0000093 | V94: 16:30:00.000Z | W94: Completed | X94: a07ak00001rZMpRAAW | Y94: Rowan Wilson | Z94: 2026-09-16T17:01:26.000Z | AA94: =ISNUMBER(SEARCH(";"&Lessons[[#This Row],[Instrument__c]]&";",";"&_xlfn.XLOOKUP(Lessons[[#This Row],[Instructor_External_Id__c]], Instructors[Id], Instructors[Instruments_Taught__c])&";")) -> TRUE | AB94: =IF(LEFT(Lessons[[#This Row],[Status__c]],9)="Cancelled","",Lessons[[#This Row],[Instructor_External_Id__c]]&"|"&TEXT(Lessons[[#This Row],[Lesson_Date__c]],"yyyy-mm-dd")&"|"&Lessons[[#This Row],[Start_Time__c]]) -> a06ak00000amzC0AAI|2026-08-22|16:30:00.000Z | AC94: =IF(Lessons[[#This Row],[Double Booked Key]]="","",COUNTIF(Lessons[Double Booked Key],Lessons[[#This Row],[Double Booked Key]])) -> 1 | AD94: =_xlfn.XLOOKUP(Lessons[[#This Row],[Location_External_Id__c]], Locations[Location Id], Locations[Location Name]) -> Red Bank | AE94: =TEXT(Lessons[[#This Row],[Lesson_Date__c]], "yyyy-mm") -> 2026-08 | AF94: =IF(Lessons[[#This Row],[Lesson_Date__c]]<=Data_Audit!$F$1, "Yes", "No") -> Yes
A95: 005ak00000icyWTAAY | B95: 2026-09-14T21:01:58.000Z | C95: 60 | D95: a0Aak00000FtDn4EAF | E95: a06ak00000amzC0AAI | F95: James Moore | G95: Focused on sight reading. | H95: Clarinet | I95: FALSE | K95: 005ak00000icyWTAAY | L95: 2026-09-16T17:01:26.000Z | M95: 2026-09-15T17:47:56.000Z | N95: 2026-09-15T17:47:56.000Z | O95: 46243 | P95: LSN-00094 | Q95: L-0000094 | R95: 131ak000001XjDtAAK | S95: FALSE | T95: FALSE | U95: L-0000094 | V95: 18:00:00.000Z | W95: Completed | X95: a07ak00001rZMpRAAW | Y95: Rowan Wilson | Z95: 2026-09-16T17:01:26.000Z | AA95: =ISNUMBER(SEARCH(";"&Lessons[[#This Row],[Instrument__c]]&";",";"&_xlfn.XLOOKUP(Lessons[[#This Row],[Instructor_External_Id__c]], Instructors[Id], Instructors[Instruments_Taught__c])&";")) -> TRUE | AB95: =IF(LEFT(Lessons[[#This Row],[Status__c]],9)="Cancelled","",Lessons[[#This Row],[Instructor_External_Id__c]]&"|"&TEXT(Lessons[[#This Row],[Lesson_Date__c]],"yyyy-mm-dd")&"|"&Lessons[[#This Row],[Start_Time__c]]) -> a06ak00000amzC0AAI|2026-08-09|18:00:00.000Z | AC95: =IF(Lessons[[#This Row],[Double Booked Key]]="","",COUNTIF(Lessons[Double Booked Key],Lessons[[#This Row],[Double Booked Key]])) -> 1 | AD95: =_xlfn.XLOOKUP(Lessons[[#This Row],[Location_External_Id__c]], Locations[Location Id], Locations[Location Name]) -> Red Bank | AE95: =TEXT(Lessons[[#This Row],[Lesson_Date__c]], "yyyy-mm") -> 2026-08 | AF95: =IF(Lessons[[#This Row],[Lesson_Date__c]]<=Data_Audit!$F$1, "Yes", "No") -> Yes
A96: 005ak00000icyWTAAY | B96: 2026-09-14T21:01:58.000Z | C96: 30 | D96: a0Aak00000FtDn5EAF | E96: a06ak00000amzC0AAI | F96: James Moore | G96: Good progress on technique. | H96: Clarinet | I96: FALSE | K96: 005ak00000icyWTAAY | L96: 2026-09-16T17:01:26.000Z | M96: 2026-09-15T17:47:56.000Z | N96: 2026-09-15T17:47:56.000Z | O96: 46104 | P96: LSN-00095 | Q96: L-0000095 | R96: 131ak000001XjDtAAK | S96: FALSE | T96: FALSE | U96: L-0000095 | V96: 11:00:00.000Z | W96: Completed | X96: a07ak00001rZMpRAAW | Y96: Rowan Wilson | Z96: 2026-09-16T17:01:26.000Z | AA96: =ISNUMBER(SEARCH(";"&Lessons[[#This Row],[Instrument__c]]&";",";"&_xlfn.XLOOKUP(Lessons[[#This Row],[Instructor_External_Id__c]], Instructors[Id], Instructors[Instruments_Taught__c])&";")) -> TRUE | AB96: =IF(LEFT(Lessons[[#This Row],[Status__c]],9)="Cancelled","",Lessons[[#This Row],[Instructor_External_Id__c]]&"|"&TEXT(Lessons[[#This Row],[Lesson_Date__c]],"yyyy-mm-dd")&"|"&Lessons[[#This Row],[Start_Time__c]]) -> a06ak00000amzC0AAI|2026-03-23|11:00:00.000Z | AC96: =IF(Lessons[[#This Row],[Double Booked Key]]="","",COUNTIF(Lessons[Double Booked Key],Lessons[[#This Row],[Double Booked Key]])) -> 1 | AD96: =_xlfn.XLOOKUP(Lessons[[#This Row],[Location_External_Id__c]], Locations[Location Id], Locations[Location Name]) -> Red Bank | AE96: =TEXT(Lessons[[#This Row],[Lesson_Date__c]], "yyyy-mm") -> 2026-03 | AF96: =IF(Lessons[[#This Row],[Lesson_Date__c]]<=Data_Audit!$F$1, "Yes", "No") -> Yes
A97: 005ak00000icyWTAAY | B97: 2026-09-14T21:01:58.000Z | C97: 30 | D97: a0Aak00000FtDn6EAF | E97: a06ak00000amzC8AAI | F97: Adrian Byrne | G97: Reviewed last week&#39;s assignment. | H97: Saxophone | I97: FALSE | K97: 005ak00000icyWTAAY | L97: 2026-09-16T17:01:26.000Z | M97: 2026-09-15T17:47:56.000Z | N97: 2026-09-15T17:47:56.000Z | O97: 46185 | P97: LSN-00096 | Q97: L-0000096 | R97: 131ak000001XjDvAAK | S97: FALSE | T97: FALSE | U97: L-0000096 | V97: 15:00:00.000Z | W97: Completed | X97: a07ak00001rZMpSAAW | Y97: Julian Flores | Z97: 2026-09-16T17:01:26.000Z | AA97: =ISNUMBER(SEARCH(";"&Lessons[[#This Row],[Instrument__c]]&";",";"&_xlfn.XLOOKUP(Lessons[[#This Row],[Instructor_External_Id__c]], Instructors[Id], Instructors[Instruments_Taught__c])&";")) -> TRUE | AB97: =IF(LEFT(Lessons[[#This Row],[Status__c]],9)="Cancelled","",Lessons[[#This Row],[Instructor_External_Id__c]]&"|"&TEXT(Lessons[[#This Row],[Lesson_Date__c]],"yyyy-mm-dd")&"|"&Lessons[[#This Row],[Start_Time__c]]) -> a06ak00000amzC8AAI|2026-06-12|15:00:00.000Z | AC97: =IF(Lessons[[#This Row],[Double Booked Key]]="","",COUNTIF(Lessons[Double Booked Key],Lessons[[#This Row],[Double Booked Key]])) -> 1 | AD97: =_xlfn.XLOOKUP(Lessons[[#This Row],[Location_External_Id__c]], Locations[Location Id], Locations[Location Name]) -> Toms River | AE97: =TEXT(Lessons[[#This Row],[Lesson_Date__c]], "yyyy-mm") -> 2026-06 | AF97: =IF(Lessons[[#This Row],[Lesson_Date__c]]<=Data_Audit!$F$1, "Yes", "No") -> Yes
A98: 005ak00000icyWTAAY | B98: 2026-09-14T21:01:58.000Z | C98: 30 | D98: a0Aak00000FtDn7EAF | E98: a06ak00000amzC8AAI | F98: Adrian Byrne | G98: Started new piece. | H98: Saxophone | I98: FALSE | K98: 005ak00000icyWTAAY | L98: 2026-09-16T17:01:26.000Z | M98: 2026-09-15T17:47:56.000Z | N98: 2026-09-15T17:47:56.000Z | O98: 46256 | P98: LSN-00097 | Q98: L-0000097 | R98: 131ak000001XjDvAAK | S98: FALSE | T98: FALSE | U98: L-0000097 | V98: 16:30:00.000Z | W98: Completed | X98: a07ak00001rZMpSAAW | Y98: Julian Flores | Z98: 2026-09-16T17:01:26.000Z | AA98: =ISNUMBER(SEARCH(";"&Lessons[[#This Row],[Instrument__c]]&";",";"&_xlfn.XLOOKUP(Lessons[[#This Row],[Instructor_External_Id__c]], Instructors[Id], Instructors[Instruments_Taught__c])&";")) -> TRUE | AB98: =IF(LEFT(Lessons[[#This Row],[Status__c]],9)="Cancelled","",Lessons[[#This Row],[Instructor_External_Id__c]]&"|"&TEXT(Lessons[[#This Row],[Lesson_Date__c]],"yyyy-mm-dd")&"|"&Lessons[[#This Row],[Start_Time__c]]) -> a06ak00000amzC8AAI|2026-08-22|16:30:00.000Z | AC98: =IF(Lessons[[#This Row],[Double Booked Key]]="","",COUNTIF(Lessons[Double Booked Key],Lessons[[#This Row],[Double Booked Key]])) -> 1 | AD98: =_xlfn.XLOOKUP(Lessons[[#This Row],[Location_External_Id__c]], Locations[Location Id], Locations[Location Name]) -> Toms River | AE98: =TEXT(Lessons[[#This Row],[Lesson_Date__c]], "yyyy-mm") -> 2026-08 | AF98: =IF(Lessons[[#This Row],[Lesson_Date__c]]<=Data_Audit!$F$1, "Yes", "No") -> Yes
... A103: 005ak00000icyWTAAY | B103: 2026-09-14T21:01:58.000Z | C103: 30 | D103: a0Aak00000FtDnCEAV | E103: a06ak00000amzBqAAI | F103: Aubrey Miller | G103: Focused on sight reading. | H103: Bass Guitar | I103: FALSE | K103: 005ak00000icyWTAAY | L103: 2026-09-16T17:01:26.000Z | M103: 2026-09-15T17:58:10.000Z | N103: 2026-09-15T17:58:10.000Z | O103: 46144 | P103: LSN-00102 | Q103: L-0000102 | R103: 131ak000001XjDtAAK | S103: FALSE | T103: FALSE | U103: L-0000102 | V103: 15:30:00.000Z | W103: Completed | X103: a07ak00001rZMpTAAW | Y103: Henry Dubois | Z103: 2026-09-16T17:01:26.000Z | AA103: =ISNUMBER(SEARCH(";"&Lessons[[#This Row],[Instrument__c]]&";",";"&_xlfn.XLOOKUP(Lessons[[#This Row],[Instructor_External_Id__c]], Instructors[Id], Instructors[Instruments_Taught__c])&";")) -> TRUE | AB103: =IF(LEFT(Lessons[[#This Row],[Status__c]],9)="Cancelled","",Lessons[[#This Row],[Instructor_External_Id__c]]&"|"&TEXT(Lessons[[#This Row],[Lesson_Date__c]],"yyyy-mm-dd")&"|"&Lessons[[#This Row],[Start_Time__c]]) -> a06ak00000amzBqAAI|2026-05-02|15:30:00.000Z | AC103: =IF(Lessons[[#This Row],[Double Booked Key]]="","",COUNTIF(Lessons[Double Booked Key],Lessons[[#This Row],[Double Booked Key]])) -> 1 | AD103: =_xlfn.XLOOKUP(Lessons[[#This Row],[Location_External_Id__c]], Locations[Location Id], Locations[Location Name]) -> Red Bank | AE103: =TEXT(Lessons[[#This Row],[Lesson_Date__c]], "yyyy-mm") -> 2026-05 | AF103: =IF(Lessons[[#This Row],[Lesson_Date__c]]<=Data_Audit!$F$1, "Yes", "No") -> Yes
A104: 005ak00000icyWTAAY | B104: 2026-09-14T21:01:58.000Z | C104: 30 | D104: a0Aak00000FtDnDEAV | E104: a06ak00000amzBrAAI | F104: Savannah Silva | H104: Bass Guitar | I104: FALSE | K104: 005ak00000icyWTAAY | L104: 2026-09-16T16:41:26.000Z | M104: 2026-09-15T17:58:10.000Z | N104: 2026-09-15T17:58:10.000Z | O104: 46280 | P104: LSN-00103 | Q104: L-0000103 | R104: 131ak000001XjDtAAK | S104: TRUE | T104: TRUE | U104: L-0000103 | V104: 16:00:00.000Z | W104: Cancelled by Instructor | X104: a07ak00001rZMpTAAW | Y104: Henry Dubois | Z104: 2026-09-16T16:41:26.000Z | AA104: =ISNUMBER(SEARCH(";"&Lessons[[#This Row],[Instrument__c]]&";",";"&_xlfn.XLOOKUP(Lessons[[#This Row],[Instructor_External_Id__c]], Instructors[Id], Instructors[Instruments_Taught__c])&";")) -> FALSE | AB104: =IF(LEFT(Lessons[[#This Row],[Status__c]],9)="Cancelled","",Lessons[[#This Row],[Instructor_External_Id__c]]&"|"&TEXT(Lessons[[#This Row],[Lesson_Date__c]],"yyyy-mm-dd")&"|"&Lessons[[#This Row],[Start_Time__c]]) | AC104: =IF(Lessons[[#This Row],[Double Booked Key]]="","",COUNTIF(Lessons[Double Booked Key],Lessons[[#This Row],[Double Booked Key]])) | AD104: =_xlfn.XLOOKUP(Lessons[[#This Row],[Location_External_Id__c]], Locations[Location Id], Locations[Location Name]) -> Red Bank | AE104: =TEXT(Lessons[[#This Row],[Lesson_Date__c]], "yyyy-mm") -> 2026-09 | AF104: =IF(Lessons[[#This Row],[Lesson_Date__c]]<=Data_Audit!$F$1, "Yes", "No") -> Yes
...

Sheet Lesson Health
D1: Is Past | E1: Yes | M1: Is Past | N1: Yes
M2: Status__c | N2: Completed
D3: Count of Id | E3: Status__c
A4: Location | B4: Cancellation Rate(By Location) | C4: No-Show Rate(By Location) | D4: Instrument__c | E4: Scheduled | F4: No Show | G4: Completed | H4: Cancelled by Student | I4: Cancelled by Instructor | J4: Grand Total | K4: Cancellation Rate(By Instrument) | L4: No-Show Rate(By Instrument) | M4: Lesson Month | N4: Count of Id
A5: Toms River | B5: =COUNTIFS(Lessons[Location Name], $A5, Lessons[Is Past], "Yes", Lessons[Status__c], "Cancelled*") / (COUNTIFS(Lessons[Location Name], $A5,Lessons[Is Past], "Yes", Lessons[Status__c], "Cancelled*") + COUNTIFS(Lessons[Location Name], $A5, Lessons[Is Past], "Yes", Lessons[Status__c], "Completed") + COUNTIFS(Lessons[Location Name], $A5, Lessons[Is Past], "Yes", Lessons[Status__c], "No Show")) -> 0.13953488 | C5: =COUNTIFS(Lessons[Location Name], $A5, Lessons[Is Past], "Yes", Lessons[Status__c], "No Show") / (COUNTIFS(Lessons[Location Name], $A5,Lessons[Is Past], "Yes", Lessons[Status__c], "Cancelled*") + COUNTIFS(Lessons[Location Name], $A5, Lessons[Is Past], "Yes", Lessons[Status__c], "Completed") + COUNTIFS(Lessons[Location Name], $A5, Lessons[Is Past], "Yes", Lessons[Status__c], "No Show")) -> 0.07751938 | D5: Drums | E5: 2 | F5: 13 | G5: 81 | H5: 11 | I5: 9 | J5: 116 | K5: =COUNTIFS(Lessons[Instrument__c], $D5, Lessons[Is Past], "Yes", Lessons[Status__c], "Cancelled*") / (COUNTIFS(Lessons[Instrument__c], $D5,Lessons[Is Past], "Yes", Lessons[Status__c], "Cancelled*") + COUNTIFS(Lessons[Instrument__c], $D5, Lessons[Is Past], "Yes", Lessons[Status__c], "Completed") + COUNTIFS(Lessons[Instrument__c], $D5, Lessons[Is Past], "Yes", Lessons[Status__c], "No Show")) -> 0.1754386 | L5: =COUNTIFS(Lessons[Instrument__c], $D5, Lessons[Is Past], "Yes", Lessons[Status__c], "No Show") / (COUNTIFS(Lessons[Instrument__c], $D5,Lessons[Is Past], "Yes", Lessons[Status__c], "Cancelled*") + COUNTIFS(Lessons[Instrument__c], $D5, Lessons[Is Past], "Yes", Lessons[Status__c], "Completed") + COUNTIFS(Lessons[Instrument__c], $D5, Lessons[Is Past], "Yes", Lessons[Status__c], "No Show")) -> 0.11403509 | M5: 2026-01 | N5: 66
A6: Brick | B6: =COUNTIFS(Lessons[Location Name], $A6, Lessons[Is Past], "Yes", Lessons[Status__c], "Cancelled*") / (COUNTIFS(Lessons[Location Name], $A6,Lessons[Is Past], "Yes", Lessons[Status__c], "Cancelled*") + COUNTIFS(Lessons[Location Name], $A6, Lessons[Is Past], "Yes", Lessons[Status__c], "Completed") + COUNTIFS(Lessons[Location Name], $A6, Lessons[Is Past], "Yes", Lessons[Status__c], "No Show")) -> 0.18213058 | C6: =COUNTIFS(Lessons[Location Name], $A6, Lessons[Is Past], "Yes", Lessons[Status__c], "No Show") / (COUNTIFS(Lessons[Location Name], $A6,Lessons[Is Past], "Yes", Lessons[Status__c], "Cancelled*") + COUNTIFS(Lessons[Location Name], $A6, Lessons[Is Past], "Yes", Lessons[Status__c], "Completed") + COUNTIFS(Lessons[Location Name], $A6, Lessons[Is Past], "Yes", Lessons[Status__c], "No Show")) -> 0.092783505 | D6: Guitar | F6: 7 | G6: 48 | H6: 9 | I6: 5 | J6: 69 | K6: =COUNTIFS(Lessons[Instrument__c], $D6, Lessons[Is Past], "Yes", Lessons[Status__c], "Cancelled*") / (COUNTIFS(Lessons[Instrument__c], $D6,Lessons[Is Past], "Yes", Lessons[Status__c], "Cancelled*") + COUNTIFS(Lessons[Instrument__c], $D6, Lessons[Is Past], "Yes", Lessons[Status__c], "Completed") + COUNTIFS(Lessons[Instrument__c], $D6, Lessons[Is Past], "Yes", Lessons[Status__c], "No Show")) -> 0.20289855 | L6: =COUNTIFS(Lessons[Instrument__c], $D6, Lessons[Is Past], "Yes", Lessons[Status__c], "No Show") / (COUNTIFS(Lessons[Instrument__c], $D6,Lessons[Is Past], "Yes", Lessons[Status__c], "Cancelled*") + COUNTIFS(Lessons[Instrument__c], $D6, Lessons[Is Past], "Yes", Lessons[Status__c], "Completed") + COUNTIFS(Lessons[Instrument__c], $D6, Lessons[Is Past], "Yes", Lessons[Status__c], "No Show")) -> 0.10144928 | M6: 2026-02 | N6: 60
A7: Red Bank | B7: =COUNTIFS(Lessons[Location Name], $A7, Lessons[Is Past], "Yes", Lessons[Status__c], "Cancelled*") / (COUNTIFS(Lessons[Location Name], $A7,Lessons[Is Past], "Yes", Lessons[Status__c], "Cancelled*") + COUNTIFS(Lessons[Location Name], $A7, Lessons[Is Past], "Yes", Lessons[Status__c], "Completed") + COUNTIFS(Lessons[Location Name], $A7, Lessons[Is Past], "Yes", Lessons[Status__c], "No Show")) -> 0.1026253 | C7: =COUNTIFS(Lessons[Location Name], $A7, Lessons[Is Past], "Yes", Lessons[Status__c], "No Show") / (COUNTIFS(Lessons[Location Name], $A7,Lessons[Is Past], "Yes", Lessons[Status__c], "Cancelled*") + COUNTIFS(Lessons[Location Name], $A7, Lessons[Is Past], "Yes", Lessons[Status__c], "Completed") + COUNTIFS(Lessons[Location Name], $A7, Lessons[Is Past], "Yes", Lessons[Status__c], "No Show")) -> 0.097852029 | D7: Saxophone | F7: 10 | G7: 69 | H7: 7 | I7: 5 | J7: 91 | K7: =COUNTIFS(Lessons[Instrument__c], $D7, Lessons[Is Past], "Yes", Lessons[Status__c], "Cancelled*") / (COUNTIFS(Lessons[Instrument__c], $D7,Lessons[Is Past], "Yes", Lessons[Status__c], "Cancelled*") + COUNTIFS(Lessons[Instrument__c], $D7, Lessons[Is Past], "Yes", Lessons[Status__c], "Completed") + COUNTIFS(Lessons[Instrument__c], $D7, Lessons[Is Past], "Yes", Lessons[Status__c], "No Show")) -> 0.13186813 | L7: =COUNTIFS(Lessons[Instrument__c], $D7, Lessons[Is Past], "Yes", Lessons[Status__c], "No Show") / (COUNTIFS(Lessons[Instrument__c], $D7,Lessons[Is Past], "Yes", Lessons[Status__c], "Cancelled*") + COUNTIFS(Lessons[Instrument__c], $D7, Lessons[Is Past], "Yes", Lessons[Status__c], "Completed") + COUNTIFS(Lessons[Instrument__c], $D7, Lessons[Is Past], "Yes", Lessons[Status__c], "No Show")) -> 0.10989011 | M7: 2026-03 | N7: 64
D8: Voice | F8: 12 | G8: 95 | H8: 7 | I8: 5 | J8: 119 | K8: =COUNTIFS(Lessons[Instrument__c], $D8, Lessons[Is Past], "Yes", Lessons[Status__c], "Cancelled*") / (COUNTIFS(Lessons[Instrument__c], $D8,Lessons[Is Past], "Yes", Lessons[Status__c], "Cancelled*") + COUNTIFS(Lessons[Instrument__c], $D8, Lessons[Is Past], "Yes", Lessons[Status__c], "Completed") + COUNTIFS(Lessons[Instrument__c], $D8, Lessons[Is Past], "Yes", Lessons[Status__c], "No Show")) -> 0.10084034 | L8: =COUNTIFS(Lessons[Instrument__c], $D8, Lessons[Is Past], "Yes", Lessons[Status__c], "No Show") / (COUNTIFS(Lessons[Instrument__c], $D8,Lessons[Is Past], "Yes", Lessons[Status__c], "Cancelled*") + COUNTIFS(Lessons[Instrument__c], $D8, Lessons[Is Past], "Yes", Lessons[Status__c], "Completed") + COUNTIFS(Lessons[Instrument__c], $D8, Lessons[Is Past], "Yes", Lessons[Status__c], "No Show")) -> 0.10084034 | M8: 2026-04 | N8: 64
D9: Trumpet | E9: 1 | F9: 3 | G9: 27 | H9: 4 | I9: 2 | J9: 37 | K9: =COUNTIFS(Lessons[Instrument__c], $D9, Lessons[Is Past], "Yes", Lessons[Status__c], "Cancelled*") / (COUNTIFS(Lessons[Instrument__c], $D9,Lessons[Is Past], "Yes", Lessons[Status__c], "Cancelled*") + COUNTIFS(Lessons[Instrument__c], $D9, Lessons[Is Past], "Yes", Lessons[Status__c], "Completed") + COUNTIFS(Lessons[Instrument__c], $D9, Lessons[Is Past], "Yes", Lessons[Status__c], "No Show")) -> 0.16666667 | L9: =COUNTIFS(Lessons[Instrument__c], $D9, Lessons[Is Past], "Yes", Lessons[Status__c], "No Show") / (COUNTIFS(Lessons[Instrument__c], $D9,Lessons[Is Past], "Yes", Lessons[Status__c], "Cancelled*") + COUNTIFS(Lessons[Instrument__c], $D9, Lessons[Is Past], "Yes", Lessons[Status__c], "Completed") + COUNTIFS(Lessons[Instrument__c], $D9, Lessons[Is Past], "Yes", Lessons[Status__c], "No Show")) -> 0.083333333 | M9: 2026-05 | N9: 75
D10: Bass Guitar | E10: 1 | F10: 2 | G10: 51 | H10: 4 | I10: 4 | J10: 62 | K10: =COUNTIFS(Lessons[Instrument__c], $D10, Lessons[Is Past], "Yes", Lessons[Status__c], "Cancelled*") / (COUNTIFS(Lessons[Instrument__c], $D10,Lessons[Is Past], "Yes", Lessons[Status__c], "Cancelled*") + COUNTIFS(Lessons[Instrument__c], $D10, Lessons[Is Past], "Yes", Lessons[Status__c], "Completed") + COUNTIFS(Lessons[Instrument__c], $D10, Lessons[Is Past], "Yes", Lessons[Status__c], "No Show")) -> 0.13114754 | L10: =COUNTIFS(Lessons[Instrument__c], $D10, Lessons[Is Past], "Yes", Lessons[Status__c], "No Show") / (COUNTIFS(Lessons[Instrument__c], $D10,Lessons[Is Past], "Yes", Lessons[Status__c], "Cancelled*") + COUNTIFS(Lessons[Instrument__c], $D10, Lessons[Is Past], "Yes", Lessons[Status__c], "Completed") + COUNTIFS(Lessons[Instrument__c], $D10, Lessons[Is Past], "Yes", Lessons[Status__c], "No Show")) -> 0.032786885 | M10: 2026-06 | N10: 78
D11: Clarinet | E11: 1 | F11: 1 | G11: 38 | H11: 4 | I11: 1 | J11: 45 | K11: =COUNTIFS(Lessons[Instrument__c], $D11, Lessons[Is Past], "Yes", Lessons[Status__c], "Cancelled*") / (COUNTIFS(Lessons[Instrument__c], $D11,Lessons[Is Past], "Yes", Lessons[Status__c], "Cancelled*") + COUNTIFS(Lessons[Instrument__c], $D11, Lessons[Is Past], "Yes", Lessons[Status__c], "Completed") + COUNTIFS(Lessons[Instrument__c], $D11, Lessons[Is Past], "Yes", Lessons[Status__c], "No Show")) -> 0.11363636 | L11: =COUNTIFS(Lessons[Instrument__c], $D11, Lessons[Is Past], "Yes", Lessons[Status__c], "No Show") / (COUNTIFS(Lessons[Instrument__c], $D11,Lessons[Is Past], "Yes", Lessons[Status__c], "Cancelled*") + COUNTIFS(Lessons[Instrument__c], $D11, Lessons[Is Past], "Yes", Lessons[Status__c], "Completed") + COUNTIFS(Lessons[Instrument__c], $D11, Lessons[Is Past], "Yes", Lessons[Status__c], "No Show")) -> 0.022727273 | M11: 2026-07 | N11: 90
D12: Violin | F12: 4 | G12: 37 | H12: 3 | I12: 7 | J12: 51 | K12: =COUNTIFS(Lessons[Instrument__c], $D12, Lessons[Is Past], "Yes", Lessons[Status__c], "Cancelled*") / (COUNTIFS(Lessons[Instrument__c], $D12,Lessons[Is Past], "Yes", Lessons[Status__c], "Cancelled*") + COUNTIFS(Lessons[Instrument__c], $D12, Lessons[Is Past], "Yes", Lessons[Status__c], "Completed") + COUNTIFS(Lessons[Instrument__c], $D12, Lessons[Is Past], "Yes", Lessons[Status__c], "No Show")) -> 0.19607843 | L12: =COUNTIFS(Lessons[Instrument__c], $D12, Lessons[Is Past], "Yes", Lessons[Status__c], "No Show") / (COUNTIFS(Lessons[Instrument__c], $D12,Lessons[Is Past], "Yes", Lessons[Status__c], "Cancelled*") + COUNTIFS(Lessons[Instrument__c], $D12, Lessons[Is Past], "Yes", Lessons[Status__c], "Completed") + COUNTIFS(Lessons[Instrument__c], $D12, Lessons[Is Past], "Yes", Lessons[Status__c], "No Show")) -> 0.078431373 | M12: 2026-08 | N12: 64
D13: Ukulele | F13: 5 | G13: 57 | H13: 3 | I13: 5 | J13: 70 | K13: =COUNTIFS(Lessons[Instrument__c], $D13, Lessons[Is Past], "Yes", Lessons[Status__c], "Cancelled*") / (COUNTIFS(Lessons[Instrument__c], $D13,Lessons[Is Past], "Yes", Lessons[Status__c], "Cancelled*") + COUNTIFS(Lessons[Instrument__c], $D13, Lessons[Is Past], "Yes", Lessons[Status__c], "Completed") + COUNTIFS(Lessons[Instrument__c], $D13, Lessons[Is Past], "Yes", Lessons[Status__c], "No Show")) -> 0.11428571 | L13: =COUNTIFS(Lessons[Instrument__c], $D13, Lessons[Is Past], "Yes", Lessons[Status__c], "No Show") / (COUNTIFS(Lessons[Instrument__c], $D13,Lessons[Is Past], "Yes", Lessons[Status__c], "Cancelled*") + COUNTIFS(Lessons[Instrument__c], $D13, Lessons[Is Past], "Yes", Lessons[Status__c], "Completed") + COUNTIFS(Lessons[Instrument__c], $D13, Lessons[Is Past], "Yes", Lessons[Status__c], "No Show")) -> 0.071428571 | M13: 2026-09 | N13: 64
D14: Cello | F14: 5 | G14: 37 | H14: 3 | I14: 5 | J14: 50 | K14: =COUNTIFS(Lessons[Instrument__c], $D14, Lessons[Is Past], "Yes", Lessons[Status__c], "Cancelled*") / (COUNTIFS(Lessons[Instrument__c], $D14,Lessons[Is Past], "Yes", Lessons[Status__c], "Cancelled*") + COUNTIFS(Lessons[Instrument__c], $D14, Lessons[Is Past], "Yes", Lessons[Status__c], "Completed") + COUNTIFS(Lessons[Instrument__c], $D14, Lessons[Is Past], "Yes", Lessons[Status__c], "No Show")) -> 0.16 | L14: =COUNTIFS(Lessons[Instrument__c], $D14, Lessons[Is Past], "Yes", Lessons[Status__c], "No Show") / (COUNTIFS(Lessons[Instrument__c], $D14,Lessons[Is Past], "Yes", Lessons[Status__c], "Cancelled*") + COUNTIFS(Lessons[Instrument__c], $D14, Lessons[Is Past], "Yes", Lessons[Status__c], "Completed") + COUNTIFS(Lessons[Instrument__c], $D14, Lessons[Is Past], "Yes", Lessons[Status__c], "No Show")) -> 0.1 | M14: Grand Total | N14: 625
D15: Flute | F15: 8 | G15: 72 | H15: 3 | I15: 4 | J15: 87 | K15: =COUNTIFS(Lessons[Instrument__c], $D15, Lessons[Is Past], "Yes", Lessons[Status__c], "Cancelled*") / (COUNTIFS(Lessons[Instrument__c], $D15,Lessons[Is Past], "Yes", Lessons[Status__c], "Cancelled*") + COUNTIFS(Lessons[Instrument__c], $D15, Lessons[Is Past], "Yes", Lessons[Status__c], "Completed") + COUNTIFS(Lessons[Instrument__c], $D15, Lessons[Is Past], "Yes", Lessons[Status__c], "No Show")) -> 0.08045977 | L15: =COUNTIFS(Lessons[Instrument__c], $D15, Lessons[Is Past], "Yes", Lessons[Status__c], "No Show") / (COUNTIFS(Lessons[Instrument__c], $D15,Lessons[Is Past], "Yes", Lessons[Status__c], "Cancelled*") + COUNTIFS(Lessons[Instrument__c], $D15, Lessons[Is Past], "Yes", Lessons[Status__c], "Completed") + COUNTIFS(Lessons[Instrument__c], $D15, Lessons[Is Past], "Yes", Lessons[Status__c], "No Show")) -> 0.091954023
D16: Piano | F16: 8 | G16: 35 | H16: 3 | I16: 1 | J16: 47 | K16: =COUNTIFS(Lessons[Instrument__c], $D16, Lessons[Is Past], "Yes", Lessons[Status__c], "Cancelled*") / (COUNTIFS(Lessons[Instrument__c], $D16,Lessons[Is Past], "Yes", Lessons[Status__c], "Cancelled*") + COUNTIFS(Lessons[Instrument__c], $D16, Lessons[Is Past], "Yes", Lessons[Status__c], "Completed") + COUNTIFS(Lessons[Instrument__c], $D16, Lessons[Is Past], "Yes", Lessons[Status__c], "No Show")) -> 0.085106383 | L16: =COUNTIFS(Lessons[Instrument__c], $D16, Lessons[Is Past], "Yes", Lessons[Status__c], "No Show") / (COUNTIFS(Lessons[Instrument__c], $D16,Lessons[Is Past], "Yes", Lessons[Status__c], "Cancelled*") + COUNTIFS(Lessons[Instrument__c], $D16, Lessons[Is Past], "Yes", Lessons[Status__c], "Completed") + COUNTIFS(Lessons[Instrument__c], $D16, Lessons[Is Past], "Yes", Lessons[Status__c], "No Show")) -> 0.17021277
D17: Grand Total | E17: 5 | F17: 78 | G17: 647 | H17: 61 | I17: 53 | J17: 844 | K17: =COUNTIFS(Lessons[Is Past], "Yes", Lessons[Status__c], "Cancelled*") / (COUNTIFS(Lessons[Is Past], "Yes", Lessons[Status__c], "Cancelled*") + COUNTIFS(Lessons[Is Past], "Yes", Lessons[Status__c], "Completed") + COUNTIFS(Lessons[Is Past], "Yes", Lessons[Status__c], "No Show")) -> 0.13587604 | L17: =COUNTIFS(Lessons[Is Past], "Yes", Lessons[Status__c], "No Show") / (COUNTIFS(Lessons[Is Past], "Yes", Lessons[Status__c], "Cancelled*") + COUNTIFS(Lessons[Is Past], "Yes", Lessons[Status__c], "Completed") + COUNTIFS(Lessons[Is Past], "Yes", Lessons[Status__c], "No Show")) -> 0.092967819

Sheet Instructors
A1: Active__c | B1: Background_Check_Date__c | C1: CreatedById | D1: CreatedDate | E1: Email__c | F1: First_Name__c | G1: Full_Name__c | H1: Hire_Date__c | I1: Hourly_Rate__c | J1: Id | K1: Instructor_External_Id__c | L1: Instruments_Taught__c | M1: IsDeleted | N1: LastActivityDate | O1: LastModifiedById | P1: LastModifiedDate | Q1: LastReferencedDate | R1: LastViewedDate | S1: Last_Name__c | T1: Lesson_Count__c | U1: Max_Weekly_Students__c | V1: Name | W1: OwnerId | X1: Phone__c | Y1: Primary_Location__c | Z1: SystemModstamp | AA1: Dup Email Key | AB1: Dup Email Count | AC1: Completed Lessons | AD1: Upcoming Lessons
A2: Inactive | B2: 44611 | C2: 005ak00000icyWTAAY | D2: 2026-09-14T19:36:36.000Z | E2: zoeyrodriguez66@hotmail.com | F2: Zoey | G2: Zoey Rodriguez | H2: 44610 | I2: 48 | J2: a06ak00000amzBeAAI | K2: INS-001 | L2: Cello;Trumpet;Bass Guitar | M2: FALSE | O2: 005ak00000icyWTAAY | P2: 2026-09-23T19:01:04.000Z | Q2: 2026-09-17T17:32:40.000Z | R2: 2026-09-17T17:32:40.000Z | S2: Rodriguez | T2: 31 | U2: 25 | V2: Zoey Rodriguez | W2: 005ak00000icyWTAAY | X2: (732) 555-1670 | Y2: 131ak000001XjDuAAK | Z2: 2026-09-23T19:01:04.000Z | AA2: =LOWER(TRIM(Instructors[[#This Row],[Email__c]])) -> zoeyrodriguez66@hotmail.com | AB2: =COUNTIF(Instructors[Dup Email Key],Instructors[[#This Row],[Dup Email Key]]) -> 1 | AC2: =IF(Instructors[[#This Row],[Active__c]] = "Active", COUNTIFS(Lessons[Instructor_External_Id__c], Instructors[[#This Row],[Id]], Lessons[Status__c], "Completed", Lessons[Is Past], "Yes"), "Not Active") -> Not Active | AD2: =COUNTIFS(Lessons[Instructor_External_Id__c], Instructors[[#This Row],[Id]], Lessons[Lesson_Date__c], ">"&Data_Audit!$F$1, Lessons[Lesson_Date__c], "<="&Data_Audit!$F$1+28, Lessons[Status__c], "Scheduled") -> 0
A3: Active | B3: 43608 | C3: 005ak00000icyWTAAY | D3: 2026-09-14T19:36:36.000Z | E3: miasmith41@yahoo.com | F3: Mia | G3: Mia Smith | H3: 43593 | I3: 45 | J3: a06ak00000amzBfAAI | K3: INS-002 | L3: Clarinet;Flute | M3: FALSE | O3: 005ak00000icyWTAAY | P3: 2026-10-01T15:56:46.000Z | Q3: 2026-09-16T15:14:19.000Z | R3: 2026-09-16T15:14:19.000Z | S3: Smith | T3: 44 | U3: 20 | V3: Mia Smith | W3: 005ak00000icyWTAAY | X3: (732) 555-4895 | Y3: 131ak000001XjDuAAK | Z3: 2026-10-01T15:56:46.000Z | AA3: =LOWER(TRIM(Instructors[[#This Row],[Email__c]])) -> miasmith41@yahoo.com | AB3: =COUNTIF(Instructors[Dup Email Key],Instructors[[#This Row],[Dup Email Key]]) -> 1 | AC3: =IF(Instructors[[#This Row],[Active__c]] = "Active", COUNTIFS(Lessons[Instructor_External_Id__c], Instructors[[#This Row],[Id]], Lessons[Status__c], "Completed", Lessons[Is Past], "Yes"), "Not Active") -> 19 | AD3: =COUNTIFS(Lessons[Instructor_External_Id__c], Instructors[[#This Row],[Id]], Lessons[Lesson_Date__c], ">"&Data_Audit!$F$1, Lessons[Lesson_Date__c], "<="&Data_Audit!$F$1+28, Lessons[Status__c], "Scheduled") -> 5
A4: Active | B4: 44395 | C4: 005ak00000icyWTAAY | D4: 2026-09-14T19:36:36.000Z | E4: noah.mitchell@yahoo.com | F4: Noah | G4: Noah Mitchell | H4: 44358 | I4: 35 | J4: a06ak00000amzBgAAI | K4: INS-003 | L4: Bass Guitar;Flute;Trumpet | M4: FALSE | O4: 005ak00000icyWTAAY | P4: 2026-10-01T15:56:46.000Z | Q4: 2026-09-15T17:23:31.000Z | R4: 2026-09-15T17:23:31.000Z | S4: Mitchell | T4: 54 | U4: 18 | V4: Noah Mitchell | W4: 005ak00000icyWTAAY | X4: (732) 555-6471 | Y4: 131ak000001XjDuAAK | Z4: 2026-10-01T15:56:46.000Z | AA4: =LOWER(TRIM(Instructors[[#This Row],[Email__c]])) -> noah.mitchell@yahoo.com | AB4: =COUNTIF(Instructors[Dup Email Key],Instructors[[#This Row],[Dup Email Key]]) -> 1 | AC4: =IF(Instructors[[#This Row],[Active__c]] = "Active", COUNTIFS(Lessons[Instructor_External_Id__c], Instructors[[#This Row],[Id]], Lessons[Status__c], "Completed", Lessons[Is Past], "Yes"), "Not Active") -> 17 | AD4: =COUNTIFS(Lessons[Instructor_External_Id__c], Instructors[[#This Row],[Id]], Lessons[Lesson_Date__c], ">"&Data_Audit!$F$1, Lessons[Lesson_Date__c], "<="&Data_Audit!$F$1+28, Lessons[Status__c], "Scheduled") -> 8
A5: Inactive | B5: 44523 | C5: 005ak00000icyWTAAY | D5: 2026-09-14T19:36:36.000Z | E5: lsullivan@yahoo.com | F5: Layla | G5: Layla Sullivan | H5: 44485 | I5: 35 | J5: a06ak00000amzBhAAI | K5: INS-004 | L5: Ukulele | M5: FALSE | O5: 005ak00000icyWTAAY | P5: 2026-09-23T19:01:04.000Z | Q5: 2026-09-15T17:23:31.000Z | R5: 2026-09-15T17:23:31.000Z | S5: Sullivan | T5: 18 | U5: 20 | V5: Layla Sullivan | W5: 005ak00000icyWTAAY | X5: (732) 555-8717 | Y5: 131ak000001XjDuAAK | Z5: 2026-09-23T19:01:04.000Z | AA5: =LOWER(TRIM(Instructors[[#This Row],[Email__c]])) -> lsullivan@yahoo.com | AB5: =COUNTIF(Instructors[Dup Email Key],Instructors[[#This Row],[Dup Email Key]]) -> 2 | AC5: =IF(Instructors[[#This Row],[Active__c]] = "Active", COUNTIFS(Lessons[Instructor_External_Id__c], Instructors[[#This Row],[Id]], Lessons[Status__c], "Completed", Lessons[Is Past], "Yes"), "Not Active") -> Not Active | AD5: =COUNTIFS(Lessons[Instructor_External_Id__c], Instructors[[#This Row],[Id]], Lessons[Lesson_Date__c], ">"&Data_Audit!$F$1, Lessons[Lesson_Date__c], "<="&Data_Audit!$F$1+28, Lessons[Status__c], "Scheduled") -> 0
A6: Active | B6: 45904 | C6: 005ak00000icyWTAAY | D6: 2026-09-14T19:36:36.000Z | F6: Zoey | G6: Zoey Torres | H6: 45871 | I6: 42 | J6: a06ak00000amzBiAAI | K6: INS-005 | L6: Voice;Bass Guitar;Flute | M6: FALSE | O6: 005ak00000icyWTAAY | P6: 2026-10-01T15:56:46.000Z | Q6: 2026-09-17T17:32:36.000Z | R6: 2026-09-17T17:32:36.000Z | S6: Torres | T6: 93 | U6: 25 | V6: Zoey Torres | W6: 005ak00000icyWTAAY | X6: (732) 555-7479 | Y6: 131ak000001XjDtAAK | Z6: 2026-10-01T15:56:46.000Z | AA6: =LOWER(TRIM(Instructors[[#This Row],[Email__c]])) | AB6: =COUNTIF(Instructors[Dup Email Key],Instructors[[#This Row],[Dup Email Key]]) -> 1 | AC6: =IF(Instructors[[#This Row],[Active__c]] = "Active", COUNTIFS(Lessons[Instructor_External_Id__c], Instructors[[#This Row],[Id]], Lessons[Status__c], "Completed", Lessons[Is Past], "Yes"), "Not Active") -> 29 | AD6: =COUNTIFS(Lessons[Instructor_External_Id__c], Instructors[[#This Row],[Id]], Lessons[Lesson_Date__c], ">"&Data_Audit!$F$1, Lessons[Lesson_Date__c], "<="&Data_Audit!$F$1+28, Lessons[Status__c], "Scheduled") -> 15
A7: Inactive | B7: 45584 | C7: 005ak00000icyWTAAY | D7: 2026-09-14T19:36:36.000Z | E7: fatimalewis@hotmail.com | F7: Fatima | G7: Fatima Lewis | H7: 45544 | I7: 38 | J7: a06ak00000amzBjAAI | K7: INS-006 | L7: Saxophone | M7: FALSE | O7: 005ak00000icyWTAAY | P7: 2026-09-23T19:02:24.000Z | Q7: 2026-09-17T17:49:03.000Z | R7: 2026-09-17T17:49:03.000Z | S7: Lewis | T7: 14 | U7: 22 | V7: Fatima Lewis | W7: 005ak00000icyWTAAY | X7: (732) 555-1248 | Y7: 131ak000001XjDtAAK | Z7: 2026-09-23T19:02:24.000Z | AA7: =LOWER(TRIM(Instructors[[#This Row],[Email__c]])) -> fatimalewis@hotmail.com | AB7: =COUNTIF(Instructors[Dup Email Key],Instructors[[#This Row],[Dup Email Key]]) -> 1 | AC7: =IF(Instructors[[#This Row],[Active__c]] = "Active", COUNTIFS(Lessons[Instructor_External_Id__c], Instructors[[#This Row],[Id]], Lessons[Status__c], "Completed", Lessons[Is Past], "Yes"), "Not Active") -> Not Active | AD7: =COUNTIFS(Lessons[Instructor_External_Id__c], Instructors[[#This Row],[Id]], Lessons[Lesson_Date__c], ">"&Data_Audit!$F$1, Lessons[Lesson_Date__c], "<="&Data_Audit!$F$1+28, Lessons[Status__c], "Scheduled") -> 0
A8: Inactive | B8: 45833 | C8: 005ak00000icyWTAAY | D8: 2026-09-14T19:36:36.000Z | E8: fatimahernandez61@outlook.com | F8: Fatima | G8: Fatima Hernandez | H8: 45795 | I8: 42 | J8: a06ak00000amzBkAAI | K8: INS-007 | L8: Flute;Trumpet | M8: FALSE | O8: 005ak00000icyWTAAY | P8: 2026-09-23T19:01:04.000Z | Q8: 2026-09-15T17:23:31.000Z | R8: 2026-09-15T17:23:31.000Z | S8: Hernandez | T8: 0 | U8: 25 | V8: Fatima Hernandez | W8: 005ak00000icyWTAAY | X8: (732) 555-1543 | Y8: 131ak000001XjDtAAK | Z8: 2026-09-23T19:01:04.000Z | AA8: =LOWER(TRIM(Instructors[[#This Row],[Email__c]])) -> fatimahernandez61@outlook.com | AB8: =COUNTIF(Instructors[Dup Email Key],Instructors[[#This Row],[Dup Email Key]]) -> 1 | AC8: =IF(Instructors[[#This Row],[Active__c]] = "Active", COUNTIFS(Lessons[Instructor_External_Id__c], Instructors[[#This Row],[Id]], Lessons[Status__c], "Completed", Lessons[Is Past], "Yes"), "Not Active") -> Not Active | AD8: =COUNTIFS(Lessons[Instructor_External_Id__c], Instructors[[#This Row],[Id]], Lessons[Lesson_Date__c], ">"&Data_Audit!$F$1, Lessons[Lesson_Date__c], "<="&Data_Audit!$F$1+28, Lessons[Status__c], "Scheduled") -> 0
A9: Inactive | B9: 44609 | C9: 005ak00000icyWTAAY | D9: 2026-09-14T19:36:36.000Z | E9: mnovak@hotmail.com | F9: Micah | G9: Micah Novak | H9: 44551 | I9: 38 | J9: a06ak00000amzBlAAI | K9: INS-008 | L9: Trumpet | M9: FALSE | O9: 005ak00000icyWTAAY | P9: 2026-09-23T19:02:24.000Z | Q9: 2026-09-15T17:23:31.000Z | R9: 2026-09-15T17:23:31.000Z | S9: Novak | T9: 4 | U9: 20 | V9: Micah Novak | W9: 005ak00000icyWTAAY | X9: (732) 555-4014 | Y9: 131ak000001XjDuAAK | Z9: 2026-09-23T19:02:24.000Z | AA9: =LOWER(TRIM(Instructors[[#This Row],[Email__c]])) -> mnovak@hotmail.com | AB9: =COUNTIF(Instructors[Dup Email Key],Instructors[[#This Row],[Dup Email Key]]) -> 1 | AC9: =IF(Instructors[[#This Row],[Active__c]] = "Active", COUNTIFS(Lessons[Instructor_External_Id__c], Instructors[[#This Row],[Id]], Lessons[Status__c], "Completed", Lessons[Is Past], "Yes"), "Not Active") -> Not Active | AD9: =COUNTIFS(Lessons[Instructor_External_Id__c], Instructors[[#This Row],[Id]], Lessons[Lesson_Date__c], ">"&Data_Audit!$F$1, Lessons[Lesson_Date__c], "<="&Data_Audit!$F$1+28, Lessons[Status__c], "Scheduled") -> 0
A10: Inactive | B10: 45930 | C10: 005ak00000icyWTAAY | D10: 2026-09-14T19:36:36.000Z | E10: emilytaylor45@gmail.com | F10: Emily | G10: Emily Taylor | H10: 45889 | I10: 50 | J10: a06ak00000amzBmAAI | K10: INS-009 | L10: Clarinet | M10: FALSE | O10: 005ak00000icyWTAAY | P10: 2026-09-23T19:01:04.000Z | Q10: 2026-09-15T17:23:31.000Z | R10: 2026-09-15T17:23:31.000Z | S10: Taylor | T10: 13 | U10: 12 | V10: Emily Taylor | W10: 005ak00000icyWTAAY | X10: (732) 555-5372 | Y10: 131ak000001XjDtAAK | Z10: 2026-09-23T19:01:04.000Z | AA10: =LOWER(TRIM(Instructors[[#This Row],[Email__c]])) -> emilytaylor45@gmail.com | AB10: =COUNTIF(Instructors[Dup Email Key],Instructors[[#This Row],[Dup Email Key]]) -> 1 | AC10: =IF(Instructors[[#This Row],[Active__c]] = "Active", COUNTIFS(Lessons[Instructor_External_Id__c], Instructors[[#This Row],[Id]], Lessons[Status__c], "Completed", Lessons[Is Past], "Yes"), "Not Active") -> Not Active | AD10: =COUNTIFS(Lessons[Instructor_External_Id__c], Instructors[[#This Row],[Id]], Lessons[Lesson_Date__c], ">"&Data_Audit!$F$1, Lessons[Lesson_Date__c], "<="&Data_Audit!$F$1+28, Lessons[Status__c], "Scheduled") -> 0
A11: Inactive | B11: 43759 | C11: 005ak00000icyWTAAY | D11: 2026-09-14T19:36:36.000Z | E11: charlottenakamura@icloud.com | F11: Charlotte | G11: Charlotte Nakamura | H11: 43726 | I11: 40 | J11: a06ak00000amzBnAAI | K11: INS-010 | L11: Piano;Voice | M11: FALSE | O11: 005ak00000icyWTAAY | P11: 2026-09-23T19:01:04.000Z | Q11: 2026-09-15T17:23:31.000Z | R11: 2026-09-15T17:23:31.000Z | S11: Nakamura | T11: 16 | U11: 20 | V11: Charlotte Nakamura | W11: 005ak00000icyWTAAY | X11: (732) 555-9044 | Y11: 131ak000001XjDtAAK | Z11: 2026-09-23T19:01:04.000Z | AA11: =LOWER(TRIM(Instructors[[#This Row],[Email__c]])) -> charlottenakamura@icloud.com | AB11: =COUNTIF(Instructors[Dup Email Key],Instructors[[#This Row],[Dup Email Key]]) -> 1 | AC11: =IF(Instructors[[#This Row],[Active__c]] = "Active", COUNTIFS(Lessons[Instructor_External_Id__c], Instructors[[#This Row],[Id]], Lessons[Status__c], "Completed", Lessons[Is Past], "Yes"), "Not Active") -> Not Active | AD11: =COUNTIFS(Lessons[Instructor_External_Id__c], Instructors[[#This Row],[Id]], Lessons[Lesson_Date__c], ">"&Data_Audit!$F$1, Lessons[Lesson_Date__c], "<="&Data_Audit!$F$1+28, Lessons[Status__c], "Scheduled") -> 0
A12: Inactive | B12: 45788 | C12: 005ak00000icyWTAAY | D12: 2026-09-14T19:36:36.000Z | E12: elijah.johnson@icloud.com | F12: Elijah | G12: Elijah Johnson | H12: 45781 | I12: 32 | J12: a06ak00000amzBoAAI | K12: INS-011 | L12: Drums | M12: FALSE | O12: 005ak00000icyWTAAY | P12: 2026-09-23T19:01:04.000Z | Q12: 2026-09-15T17:23:31.000Z | R12: 2026-09-15T17:23:31.000Z | S12: Johnson | T12: 12 | U12: 20 | V12: Elijah Johnson | W12: 005ak00000icyWTAAY | X12: (732) 555-4842 | Y12: 131ak000001XjDtAAK | Z12: 2026-09-23T19:01:04.000Z | AA12: =LOWER(TRIM(Instructors[[#This Row],[Email__c]])) -> elijah.johnson@icloud.com | AB12: =COUNTIF(Instructors[Dup Email Key],Instructors[[#This Row],[Dup Email Key]]) -> 1 | AC12: =IF(Instructors[[#This Row],[Active__c]] = "Active", COUNTIFS(Lessons[Instructor_External_Id__c], Instructors[[#This Row],[Id]], Lessons[Status__c], "Completed", Lessons[Is Past], "Yes"), "Not Active") -> Not Active | AD12: =COUNTIFS(Lessons[Instructor_External_Id__c], Instructors[[#This Row],[Id]], Lessons[Lesson_Date__c], ">"&Data_Audit!$F$1, Lessons[Lesson_Date__c], "<="&Data_Audit!$F$1+28, Lessons[Status__c], "Scheduled") -> 0
A13: Inactive | B13: 44847 | C13: 005ak00000icyWTAAY | D13: 2026-09-14T19:36:36.000Z | E13: liamlopez@icloud.com | F13: Liam | G13: Liam Lopez | H13: 44816 | I13: 35 | J13: a06ak00000amzBpAAI | K13: INS-012 | L13: Flute | M13: FALSE | O13: 005ak00000icyWTAAY | P13: 2026-09-23T19:01:04.000Z | Q13: 2026-09-15T17:23:31.000Z | R13: 2026-09-15T17:23:31.000Z | S13: Lopez | T13: 16 | U13: 22 | V13: Liam Lopez | W13: 005ak00000icyWTAAY | X13: 7325550199 | Y13: 131ak000001XjDuAAK | Z13: 2026-09-23T19:01:04.000Z | AA13: =LOWER(TRIM(Instructors[[#This Row],[Email__c]])) -> liamlopez@icloud.com | AB13: =COUNTIF(Instructors[Dup Email Key],Instructors[[#This Row],[Dup Email Key]]) -> 1 | AC13: =IF(Instructors[[#This Row],[Active__c]] = "Active", COUNTIFS(Lessons[Instructor_External_Id__c], Instructors[[#This Row],[Id]], Lessons[Status__c], "Completed", Lessons[Is Past], "Yes"), "Not Active") -> Not Active | AD13: =COUNTIFS(Lessons[Instructor_External_Id__c], Instructors[[#This Row],[Id]], Lessons[Lesson_Date__c], ">"&Data_Audit!$F$1, Lessons[Lesson_Date__c], "<="&Data_Audit!$F$1+28, Lessons[Status__c], "Scheduled") -> 0
A14: Inactive | B14: 44803 | C14: 005ak00000icyWTAAY | D14: 2026-09-14T19:36:36.000Z | E14: aubreymiller73@icloud.com | F14: Aubrey | G14: Aubrey Miller | H14: 44796 | I14: 35 | J14: a06ak00000amzBqAAI | K14: INS-013 | L14: Saxophone;Bass Guitar | M14: FALSE | O14: 005ak00000icyWTAAY | P14: 2026-09-23T19:02:24.000Z | Q14: 2026-09-23T18:49:48.000Z | R14: 2026-09-23T18:49:48.000Z | S14: Miller | T14: 5 | U14: 22 | V14: Aubrey Miller | W14: 005ak00000icyWTAAY | X14: (732) 555-3288 | Y14: 131ak000001XjDtAAK | Z14: 2026-09-23T19:02:24.000Z | AA14: =LOWER(TRIM(Instructors[[#This Row],[Email__c]])) -> aubreymiller73@icloud.com | AB14: =COUNTIF(Instructors[Dup Email Key],Instructors[[#This Row],[Dup Email Key]]) -> 1 | AC14: =IF(Instructors[[#This Row],[Active__c]] = "Active", COUNTIFS(Lessons[Instructor_External_Id__c], Instructors[[#This Row],[Id]], Lessons[Status__c], "Completed", Lessons[Is Past], "Yes"), "Not Active") -> Not Active | AD14: =COUNTIFS(Lessons[Instructor_External_Id__c], Instructors[[#This Row],[Id]], Lessons[Lesson_Date__c], ">"&Data_Audit!$F$1, Lessons[Lesson_Date__c], "<="&Data_Audit!$F$1+28, Lessons[Status__c], "Scheduled") -> 0
A15: Inactive | B15: 43877 | C15: 005ak00000icyWTAAY | D15: 2026-09-14T19:36:36.000Z | E15: savannahsilva37@icloud.com | F15: Savannah | G15: Savannah Silva | H15: 43827 | I15: 40 | J15: a06ak00000amzBrAAI | K15: INS-014 | L15: Trumpet;Flute | M15: FALSE | O15: 005ak00000icyWTAAY | P15: 2026-09-23T19:01:04.000Z | Q15: 2026-09-15T17:23:31.000Z | R15: 2026-09-15T17:23:31.000Z | S15: Silva | T15: 21 | U15: 18 | V15: Savannah Silva | W15: 005ak00000icyWTAAY | X15: (732) 555-2869 | Y15: 131ak000001XjDtAAK | Z15: 2026-09-23T19:01:04.000Z | AA15: =LOWER(TRIM(Instructors[[#This Row],[Email__c]])) -> savannahsilva37@icloud.com | AB15: =COUNTIF(Instructors[Dup Email Key],Instructors[[#This Row],[Dup Email Key]]) -> 1 | AC15: =IF(Instructors[[#This Row],[Active__c]] = "Active", COUNTIFS(Lessons[Instructor_External_Id__c], Instructors[[#This Row],[Id]], Lessons[Status__c], "Completed", Lessons[Is Past], "Yes"), "Not Active") -> Not Active | AD15: =COUNTIFS(Lessons[Instructor_External_Id__c], Instructors[[#This Row],[Id]], Lessons[Lesson_Date__c], ">"&Data_Audit!$F$1, Lessons[Lesson_Date__c], "<="&Data_Audit!$F$1+28, Lessons[Status__c], "Scheduled") -> 0
A16: Inactive | B16: 43970 | C16: 005ak00000icyWTAAY | D16: 2026-09-14T19:36:36.000Z | E16: leoperez86@hotmail.com | F16: Leo | G16: Leo Perez | H16: 43958 | I16: 32 | J16: a06ak00000amzBsAAI | K16: INS-015 | L16: Trumpet | M16: FALSE | O16: 005ak00000icyWTAAY | P16: 2026-09-23T19:01:04.000Z | Q16: 2026-09-15T17:23:31.000Z | R16: 2026-09-15T17:23:31.000Z | S16: Perez | T16: 11 | U16: 22 | V16: Leo Perez | W16: 005ak00000icyWTAAY | X16: (732) 555-5534 | Y16: 131ak000001XjDuAAK | Z16: 2026-09-23T19:01:04.000Z | AA16: =LOWER(TRIM(Instructors[[#This Row],[Email__c]])) -> leoperez86@hotmail.com | AB16: =COUNTIF(Instructors[Dup Email Key],Instructors[[#This Row],[Dup Email Key]]) -> 1 | AC16: =IF(Instructors[[#This Row],[Active__c]] = "Active", COUNTIFS(Lessons[Instructor_External_Id__c], Instructors[[#This Row],[Id]], Lessons[Status__c], "Completed", Lessons[Is Past], "Yes"), "Not Active") -> Not Active | AD16: =COUNTIFS(Lessons[Instructor_External_Id__c], Instructors[[#This Row],[Id]], Lessons[Lesson_Date__c], ">"&Data_Audit!$F$1, Lessons[Lesson_Date__c], "<="&Data_Audit!$F$1+28, Lessons[Status__c], "Scheduled") -> 0
A17: Active | B17: 45146 | C17: 005ak00000icyWTAAY | D17: 2026-09-14T19:36:36.000Z | E17: jamal.torres@icloud.com | F17: Jamal | G17: Jamal Torres | H17: 44361 | I17: 45 | J17: a06ak00000amzBtAAI | K17: INS-016 | L17: Flute;Cello | M17: FALSE | O17: 005ak00000icyWTAAY | P17: 2026-10-01T15:56:46.000Z | Q17: 2026-09-15T17:23:31.000Z | R17: 2026-09-15T17:23:31.000Z | S17: Torres | T17: 38 | U17: 22 | V17: Jamal Torres | W17: 005ak00000icyWTAAY | X17: (732) 555-8820 | Y17: 131ak000001XjDvAAK | Z17: 2026-10-01T15:56:46.000Z | AA17: =LOWER(TRIM(Instructors[[#This Row],[Email__c]])) -> jamal.torres@icloud.com | AB17: =COUNTIF(Instructors[Dup Email Key],Instructors[[#This Row],[Dup Email Key]]) -> 1 | AC17: =IF(Instructors[[#This Row],[Active__c]] = "Active", COUNTIFS(Lessons[Instructor_External_Id__c], Instructors[[#This Row],[Id]], Lessons[Status__c], "Completed", Lessons[Is Past], "Yes"), "Not Active") -> 17 | AD17: =COUNTIFS(Lessons[Instructor_External_Id__c], Instructors[[#This Row],[Id]], Lessons[Lesson_Date__c], ">"&Data_Audit!$F$1, Lessons[Lesson_Date__c], "<="&Data_Audit!$F$1+28, Lessons[Status__c], "Scheduled") -> 2
A18: Inactive | B18: 44859 | C18: 005ak00000icyWTAAY | D18: 2026-09-14T19:36:36.000Z | E18: rclark@icloud.com | F18: Ryan | G18: Ryan Clark | H18: 44805 | I18: 35 | J18: a06ak00000amzBuAAI | K18: INS-017 | L18: Flute | M18: FALSE | O18: 005ak00000icyWTAAY | P18: 2026-09-23T19:01:04.000Z | Q18: 2026-09-15T17:23:31.000Z | R18: 2026-09-15T17:23:31.000Z | S18: Clark | T18: 18 | U18: 12 | V18: Ryan Clark | W18: 005ak00000icyWTAAY | X18: (732) 555-6900 | Y18: 131ak000001XjDtAAK | Z18: 2026-09-23T19:01:04.000Z | AA18: =LOWER(TRIM(Instructors[[#This Row],[Email__c]])) -> rclark@icloud.com | AB18: =COUNTIF(Instructors[Dup Email Key],Instructors[[#This Row],[Dup Email Key]]) -> 1 | AC18: =IF(Instructors[[#This Row],[Active__c]] = "Active", COUNTIFS(Lessons[Instructor_External_Id__c], Instructors[[#This Row],[Id]], Lessons[Status__c], "Completed", Lessons[Is Past], "Yes"), "Not Active") -> Not Active | AD18: =COUNTIFS(Lessons[Instructor_External_Id__c], Instructors[[#This Row],[Id]], Lessons[Lesson_Date__c], ">"&Data_Audit!$F$1, Lessons[Lesson_Date__c], "<="&Data_Audit!$F$1+28, Lessons[Status__c], "Scheduled") -> 0
A19: Inactive | B19: 45956 | C19: 005ak00000icyWTAAY | D19: 2026-09-14T19:36:36.000Z | E19: carolineokafor8@outlook.com | F19: Caroline | G19: Caroline Okafor | H19: 45943 | I19: 40 | J19: a06ak00000amzBvAAI | K19: INS-018 | L19: Bass Guitar | M19: FALSE | O19: 005ak00000icyWTAAY | P19: 2026-09-23T19:01:04.000Z | Q19: 2026-09-15T17:23:31.000Z | R19: 2026-09-15T17:23:31.000Z | S19: Okafor | T19: 11 | U19: 18 | V19: Caroline Okafor | W19: 005ak00000icyWTAAY | X19: (732) 555-5167 | Y19: 131ak000001XjDuAAK | Z19: 2026-09-23T19:01:04.000Z | AA19: =LOWER(TRIM(Instructors[[#This Row],[Email__c]])) -> carolineokafor8@outlook.com | AB19: =COUNTIF(Instructors[Dup Email Key],Instructors[[#This Row],[Dup Email Key]]) -> 1 | AC19: =IF(Instructors[[#This Row],[Active__c]] = "Active", COUNTIFS(Lessons[Instructor_External_Id__c], Instructors[[#This Row],[Id]], Lessons[Status__c], "Completed", Lessons[Is Past], "Yes"), "Not Active") -> Not Active | AD19: =COUNTIFS(Lessons[Instructor_External_Id__c], Instructors[[#This Row],[Id]], Lessons[Lesson_Date__c], ">"&Data_Audit!$F$1, Lessons[Lesson_Date__c], "<="&Data_Audit!$F$1+28, Lessons[Status__c], "Scheduled") -> 0
A20: Inactive | B20: 43813 | C20: 005ak00000icyWTAAY | D20: 2026-09-14T19:36:36.000Z | E20: savannahhill20@gmail.com | F20: Savannah | G20: Savannah Hill | H20: 43780 | I20: 48 | J20: a06ak00000amzBwAAI | K20: INS-019 | L20: Bass Guitar;Ukulele | M20: FALSE | O20: 005ak00000icyWTAAY | P20: 2026-09-23T19:02:24.000Z | Q20: 2026-09-15T17:23:31.000Z | R20: 2026-09-15T17:23:31.000Z | S20: Hill | T20: 0 | U20: 20 | V20: Savannah Hill | W20: 005ak00000icyWTAAY | X20: (732) 555-1450 | Y20: 131ak000001XjDuAAK | Z20: 2026-09-23T19:02:24.000Z | AA20: =LOWER(TRIM(Instructors[[#This Row],[Email__c]])) -> savannahhill20@gmail.com | AB20: =COUNTIF(Instructors[Dup Email Key],Instructors[[#This Row],[Dup Email Key]]) -> 1 | AC20: =IF(Instructors[[#This Row],[Active__c]] = "Active", COUNTIFS(Lessons[Instructor_External_Id__c], Instructors[[#This Row],[Id]], Lessons[Status__c], "Completed", Lessons[Is Past], "Yes"), "Not Active") -> Not Active | AD20: =COUNTIFS(Lessons[Instructor_External_Id__c], Instructors[[#This Row],[Id]], Lessons[Lesson_Date__c], ">"&Data_Audit!$F$1, Lessons[Lesson_Date__c], "<="&Data_Audit!$F$1+28, Lessons[Status__c], "Scheduled") -> 0
A21: Active | B21: 44095 | C21: 005ak00000icyWTAAY | D21: 2026-09-14T19:36:36.000Z | E21: milesallen22@outlook.com | F21: Miles | G21: Miles Allen | H21: 44063 | I21: 48 | J21: a06ak00000amzBxAAI | K21: INS-020 | L21: Voice | M21: FALSE | O21: 005ak00000icyWTAAY | P21: 2026-10-01T15:56:46.000Z | Q21: 2026-09-23T19:04:11.000Z | R21: 2026-09-23T19:04:11.000Z | S21: Allen | T21: 53 | U21: 15 | V21: Miles Allen | W21: 005ak00000icyWTAAY | X21: (732) 555-9151 | Y21: 131ak000001XjDuAAK | Z21: 2026-10-01T15:56:46.000Z | AA21: =LOWER(TRIM(Instructors[[#This Row],[Email__c]])) -> milesallen22@outlook.com | AB21: =COUNTIF(Instructors[Dup Email Key],Instructors[[#This Row],[Dup Email Key]]) -> 1 | AC21: =IF(Instructors[[#This Row],[Active__c]] = "Active", COUNTIFS(Lessons[Instructor_External_Id__c], Instructors[[#This Row],[Id]], Lessons[Status__c], "Completed", Lessons[Is Past], "Yes"), "Not Active") -> 23 | AD21: =COUNTIFS(Lessons[Instructor_External_Id__c], Instructors[[#This Row],[Id]], Lessons[Lesson_Date__c], ">"&Data_Audit!$F$1, Lessons[Lesson_Date__c], "<="&Data_Audit!$F$1+28, Lessons[Status__c], "Scheduled") -> 6
A22: Active | B22: 46094 | C22: 005ak00000icyWTAAY | D22: 2026-09-14T19:36:36.000Z | E22: vincentsullivan87@icloud.com | F22: Vincent | G22: Vincent Sullivan | H22: 46050 | I22: 38 | J22: a06ak00000amzByAAI | K22: INS-021 | L22: Flute;Piano | M22: FALSE | O22: 005ak00000icyWTAAY | P22: 2026-10-01T15:56:46.000Z | Q22: 2026-09-15T17:23:31.000Z | R22: 2026-09-15T17:23:31.000Z | S22: Sullivan | T22: 41 | U22: 25 | V22: Vincent Sullivan | W22: 005ak00000icyWTAAY | X22: (732) 555-8566 | Y22: 131ak000001XjDuAAK | Z22: 2026-10-01T15:56:46.000Z | AA22: =LOWER(TRIM(Instructors[[#This Row],[Email__c]])) -> vincentsullivan87@icloud.com | AB22: =COUNTIF(Instructors[Dup Email Key],Instructors[[#This Row],[Dup Email Key]]) -> 1 | AC22: =IF(Instructors[[#This Row],[Active__c]] = "Active", COUNTIFS(Lessons[Instructor_External_Id__c], Instructors[[#This Row],[Id]], Lessons[Status__c], "Completed", Lessons[Is Past], "Yes"), "Not Active") -> 12 | AD22: =COUNTIFS(Lessons[Instructor_External_Id__c], Instructors[[#This Row],[Id]], Lessons[Lesson_Date__c], ">"&Data_Audit!$F$1, Lessons[Lesson_Date__c], "<="&Data_Audit!$F$1+28, Lessons[Status__c], "Scheduled") -> 6
A23: Active | B23: 45567 | C23: 005ak00000icyWTAAY | D23: 2026-09-14T19:36:36.000Z | E23: ezra.garcia@yahoo.com | F23: Ezra | G23: Ezra Garcia | H23: 45542 | I23: 38 | J23: a06ak00000amzBzAAI | K23: INS-022 | L23: Drums;Trumpet;Guitar | M23: FALSE | O23: 005ak00000icyWTAAY | P23: 2026-10-01T15:56:46.000Z | Q23: 2026-09-15T17:23:31.000Z | R23: 2026-09-15T17:23:31.000Z | S23: Garcia | T23: 94 | U23: 22 | V23: Ezra Garcia | W23: 005ak00000icyWTAAY | X23: (732) 555-8564 | Y23: 131ak000001XjDtAAK | Z23: 2026-10-01T15:56:46.000Z | AA23: =LOWER(TRIM(Instructors[[#This Row],[Email__c]])) -> ezra.garcia@yahoo.com | AB23: =COUNTIF(Instructors[Dup Email Key],Instructors[[#This Row],[Dup Email Key]]) -> 1 | AC23: =IF(Instructors[[#This Row],[Active__c]] = "Active", COUNTIFS(Lessons[Instructor_External_Id__c], Instructors[[#This Row],[Id]], Lessons[Status__c], "Completed", Lessons[Is Past], "Yes"), "Not Active") -> 22 | AD23: =COUNTIFS(Lessons[Instructor_External_Id__c], Instructors[[#This Row],[Id]], Lessons[Lesson_Date__c], ">"&Data_Audit!$F$1, Lessons[Lesson_Date__c], "<="&Data_Audit!$F$1+28, Lessons[Status__c], "Scheduled") -> 14
A24: Active | B24: 46280 | C24: 005ak00000icyWTAAY | D24: 2026-09-14T19:36:36.000Z | E24: jamesmoore95@outlook.com | F24: James | G24: James Moore | H24: 45601 | I24: 48 | J24: a06ak00000amzC0AAI | K24: INS-023 | L24: Saxophone;Piano;Clarinet | M24: FALSE | O24: 005ak00000icyWTAAY | P24: 2026-10-01T15:56:46.000Z | Q24: 2026-10-01T15:59:57.000Z | R24: 2026-10-01T15:59:57.000Z | S24: Moore | T24: 55 | U24: 12 | V24: James Moore | W24: 005ak00000icyWTAAY | X24: (732) 555-3006 | Y24: 131ak000001XjDtAAK | Z24: 2026-10-01T15:56:46.000Z | AA24: =LOWER(TRIM(Instructors[[#This Row],[Email__c]])) -> jamesmoore95@outlook.com | AB24: =COUNTIF(Instructors[Dup Email Key],Instructors[[#This Row],[Dup Email Key]]) -> 1 | AC24: =IF(Instructors[[#This Row],[Active__c]] = "Active", COUNTIFS(Lessons[Instructor_External_Id__c], Instructors[[#This Row],[Id]], Lessons[Status__c], "Completed", Lessons[Is Past], "Yes"), "Not Active") -> 15 | AD24: =COUNTIFS(Lessons[Instructor_External_Id__c], Instructors[[#This Row],[Id]], Lessons[Lesson_Date__c], ">"&Data_Audit!$F$1, Lessons[Lesson_Date__c], "<="&Data_Audit!$F$1+28, Lessons[Status__c], "Scheduled") -> 6
A25: Active | B25: 45630 | C25: 005ak00000icyWTAAY | D25: 2026-09-14T19:36:36.000Z | E25: valentinanakamura61@icloud.com | F25: Valentina | G25: Valentina Nakamura | H25: 45598 | I25: 48 | J25: a06ak00000amzC1AAI | K25: INS-024 | L25: Guitar;Trumpet;Drums | M25: FALSE | O25: 005ak00000icyWTAAY | P25: 2026-10-01T15:56:46.000Z | Q25: 2026-09-15T17:23:31.000Z | R25: 2026-09-15T17:23:31.000Z | S25: Nakamura | T25: 73 | U25: 22 | V25: Valentina Nakamura | W25: 005ak00000icyWTAAY | X25: (732) 555-2535 | Y25: 131ak000001XjDuAAK | Z25: 2026-10-01T15:56:46.000Z | AA25: =LOWER(TRIM(Instructors[[#This Row],[Email__c]])) -> valentinanakamura61@icloud.com | AB25: =COUNTIF(Instructors[Dup Email Key],Instructors[[#This Row],[Dup Email Key]]) -> 1 | AC25: =IF(Instructors[[#This Row],[Active__c]] = "Active", COUNTIFS(Lessons[Instructor_External_Id__c], Instructors[[#This Row],[Id]], Lessons[Status__c], "Completed", Lessons[Is Past], "Yes"), "Not Active") -> 22 | AD25: =COUNTIFS(Lessons[Instructor_External_Id__c], Instructors[[#This Row],[Id]], Lessons[Lesson_Date__c], ">"&Data_Audit!$F$1, Lessons[Lesson_Date__c], "<="&Data_Audit!$F$1+28, Lessons[Status__c], "Scheduled") -> 8
... A29: Inactive | B29: 45982 | C29: 005ak00000icyWTAAY | D29: 2026-09-14T19:36:36.000Z | E29: penelopewilson@yahoo.com | F29: Penelope | G29: Penelope Wilson | H29: 45972 | I29: 38 | J29: a06ak00000amzC5AAI | K29: INS-028 | L29: Drums | M29: FALSE | O29: 005ak00000icyWTAAY | P29: 2026-09-23T19:02:24.000Z | Q29: 2026-09-15T17:23:31.000Z | R29: 2026-09-15T17:23:31.000Z | S29: Wilson | T29: 26 | U29: 22 | V29: Penelope Wilson | W29: 005ak00000icyWTAAY | X29: (732) 555-2310 | Y29: 131ak000001XjDuAAK | Z29: 2026-09-23T19:02:24.000Z | AA29: =LOWER(TRIM(Instructors[[#This Row],[Email__c]])) -> penelopewilson@yahoo.com | AB29: =COUNTIF(Instructors[Dup Email Key],Instructors[[#This Row],[Dup Email Key]]) -> 1 | AC29: =IF(Instructors[[#This Row],[Active__c]] = "Active", COUNTIFS(Lessons[Instructor_External_Id__c], Instructors[[#This Row],[Id]], Lessons[Status__c], "Completed", Lessons[Is Past], "Yes"), "Not Active") -> Not Active | AD29: =COUNTIFS(Lessons[Instructor_External_Id__c], Instructors[[#This Row],[Id]], Lessons[Lesson_Date__c], ">"&Data_Audit!$F$1, Lessons[Lesson_Date__c], "<="&Data_Audit!$F$1+28, Lessons[Status__c], "Scheduled") -> 0
A30: Inactive | B30: 46008 | C30: 005ak00000icyWTAAY | D30: 2026-09-14T19:36:36.000Z | E30: operez@gmail.com | F30: Omar | G30: Omar Perez | H30: 45968 | J30: a06ak00000amzC6AAI | K30: INS-029 | L30: Drums | M30: FALSE | O30: 005ak00000icyWTAAY | P30: 2026-09-23T19:02:24.000Z | Q30: 2026-09-15T17:23:31.000Z | R30: 2026-09-15T17:23:31.000Z | S30: Perez | T30: 22 | U30: 22 | V30: Omar Perez | W30: 005ak00000icyWTAAY | X30: (732) 555-7793 | Y30: 131ak000001XjDtAAK | Z30: 2026-09-23T19:02:24.000Z | AA30: =LOWER(TRIM(Instructors[[#This Row],[Email__c]])) -> operez@gmail.com | AB30: =COUNTIF(Instructors[Dup Email Key],Instructors[[#This Row],[Dup Email Key]]) -> 1 | AC30: =IF(Instructors[[#This Row],[Active__c]] = "Active", COUNTIFS(Lessons[Instructor_External_Id__c], Instructors[[#This Row],[Id]], Lessons[Status__c], "Completed", Lessons[Is Past], "Yes"), "Not Active") -> Not Active | AD30: =COUNTIFS(Lessons[Instructor_External_Id__c], Instructors[[#This Row],[Id]], Lessons[Lesson_Date__c], ">"&Data_Audit!$F$1, Lessons[Lesson_Date__c], "<="&Data_Audit!$F$1+28, Lessons[Status__c], "Scheduled") -> 0
A31: Inactive | B31: 44424 | C31: 005ak00000icyWTAAY | D31: 2026-09-14T19:36:36.000Z | E31: wyatthall@outlook.com | F31: Wyatt | G31: Wyatt Hall | H31: 44382 | I31: 45 | J31: a06ak00000amzC7AAI | K31: INS-030 | L31: Guitar;Piano | M31: FALSE | O31: 005ak00000icyWTAAY | P31: 2026-09-23T19:02:24.000Z | Q31: 2026-09-15T17:23:31.000Z | R31: 2026-09-15T17:23:31.000Z | S31: Hall | T31: 28 | U31: 25 | V31: Wyatt Hall | W31: 005ak00000icyWTAAY | X31: (732) 555-2489 | Y31: 131ak000001XjDtAAK | Z31: 2026-09-23T19:02:24.000Z | AA31: =LOWER(TRIM(Instructors[[#This Row],[Email__c]])) -> wyatthall@outlook.com | AB31: =COUNTIF(Instructors[Dup Email Key],Instructors[[#This Row],[Dup Email Key]]) -> 1 | AC31: =IF(Instructors[[#This Row],[Active__c]] = "Active", COUNTIFS(Lessons[Instructor_External_Id__c], Instructors[[#This Row],[Id]], Lessons[Status__c], "Completed", Lessons[Is Past], "Yes"), "Not Active") -> Not Active | AD31: =COUNTIFS(Lessons[Instructor_External_Id__c], Instructors[[#This Row],[Id]], Lessons[Lesson_Date__c], ">"&Data_Audit!$F$1, Lessons[Lesson_Date__c], "<="&Data_Audit!$F$1+28, Lessons[Status__c], "Scheduled") -> 0
A32: Active | B32: 45345 | C32: 005ak00000icyWTAAY | D32: 2026-09-14T19:36:36.000Z | E32: adrianbyrne87@hotmail.com | F32: Adrian | G32: Adrian Byrne | H32: 45342 | I32: 40 | J32: a06ak00000amzC8AAI | K32: INS-031 | L32: Flute;Saxophone;Cello | M32: FALSE | O32: 005ak00000icyWTAAY | P32: 2026-10-01T15:56:46.000Z | Q32: 2026-09-15T17:23:31.000Z | R32: 2026-09-15T17:23:31.000Z | S32: Byrne | T32: 71 | U32: 18 | V32: Adrian Byrne | W32: 005ak00000icyWTAAY | X32: (732) 555-1371 | Y32: 131ak000001XjDuAAK | Z32: 2026-10-01T15:56:46.000Z | AA32: =LOWER(TRIM(Instructors[[#This Row],[Email__c]])) -> adrianbyrne87@hotmail.com | AB32: =COUNTIF(Instructors[Dup Email Key],Instructors[[#This Row],[Dup Email Key]]) -> 1 | AC32: =IF(Instructors[[#This Row],[Active__c]] = "Active", COUNTIFS(Lessons[Instructor_External_Id__c], Instructors[[#This Row],[Id]], Lessons[Status__c], "Completed", Lessons[Is Past], "Yes"), "Not Active") -> 33 | AD32: =COUNTIFS(Lessons[Instructor_External_Id__c], Instructors[[#This Row],[Id]], Lessons[Lesson_Date__c], ">"&Data_Audit!$F$1, Lessons[Lesson_Date__c], "<="&Data_Audit!$F$1+28, Lessons[Status__c], "Scheduled") -> 5
A33: Inactive | B33: 43976 | C33: 005ak00000icyWTAAY | D33: 2026-09-14T19:36:36.000Z | E33: kaiokafor43@gmail.com | F33: Kai | G33: Kai Okafor | H33: 43950 | I33: 38 | J33: a06ak00000amzC9AAI | K33: INS-032 | L33: Trumpet;Guitar | M33: FALSE | O33: 005ak00000icyWTAAY | P33: 2026-09-23T19:02:24.000Z | Q33: 2026-09-24T17:45:38.000Z | R33: 2026-09-24T17:45:38.000Z | S33: Okafor | T33: 18 | U33: 25 | V33: Kai Okafor | W33: 005ak00000icyWTAAY | X33: (732) 555-6467 | Y33: 131ak000001XjDtAAK | Z33: 2026-09-23T19:02:24.000Z | AA33: =LOWER(TRIM(Instructors[[#This Row],[Email__c]])) -> kaiokafor43@gmail.com | AB33: =COUNTIF(Instructors[Dup Email Key],Instructors[[#This Row],[Dup Email Key]]) -> 1 | AC33: =IF(Instructors[[#This Row],[Active__c]] = "Active", COUNTIFS(Lessons[Instructor_External_Id__c], Instructors[[#This Row],[Id]], Lessons[Status__c], "Completed", Lessons[Is Past], "Yes"), "Not Active") -> Not Active | AD33: =COUNTIFS(Lessons[Instructor_External_Id__c], Instructors[[#This Row],[Id]], Lessons[Lesson_Date__c], ">"&Data_Audit!$F$1, Lessons[Lesson_Date__c], "<="&Data_Audit!$F$1+28, Lessons[Status__c], "Scheduled") -> 0
A34: Inactive | B34: 46129 | C34: 005ak00000icyWTAAY | D34: 2026-09-14T19:36:36.000Z | E34: calebnovak4@outlook.com | F34: Caleb | G34: Caleb Novak | H34: 46125 | I34: 38 | J34: a06ak00000amzCAAAY | K34: INS-033 | L34: Violin | M34: FALSE | O34: 005ak00000icyWTAAY | P34: 2026-09-23T19:01:04.000Z | Q34: 2026-09-15T17:23:31.000Z | R34: 2026-09-15T17:23:31.000Z | S34: Novak | T34: 0 | U34: 18 | V34: Caleb Novak | W34: 005ak00000icyWTAAY | X34: (732) 555-3326 | Y34: 131ak000001XjDtAAK | Z34: 2026-09-23T19:01:04.000Z | AA34: =LOWER(TRIM(Instructors[[#This Row],[Email__c]])) -> calebnovak4@outlook.com | AB34: =COUNTIF(Instructors[Dup Email Key],Instructors[[#This Row],[Dup Email Key]]) -> 1 | AC34: =IF(Instructors[[#This Row],[Active__c]] = "Active", COUNTIFS(Lessons[Instructor_External_Id__c], Instructors[[#This Row],[Id]], Lessons[Status__c], "Completed", Lessons[Is Past], "Yes"), "Not Active") -> Not Active | AD34: =COUNTIFS(Lessons[Instructor_External_Id__c], Instructors[[#This Row],[Id]], Lessons[Lesson_Date__c], ">"&Data_Audit!$F$1, Lessons[Lesson_Date__c], "<="&Data_Audit!$F$1+28, Lessons[Status__c], "Scheduled") -> 0
A35: Active | B35: 44995 | C35: 005ak00000icyWTAAY | D35: 2026-09-14T19:36:36.000Z | E35: aidenhill@outlook.com | F35: Aiden | G35: Aiden Hill | H35: 44967 | I35: 38 | J35: a06ak00000amzCBAAY | K35: INS-034 | L35: Ukulele;Piano;Voice | M35: FALSE | O35: 005ak00000icyWTAAY | P35: 2026-10-01T15:56:46.000Z | Q35: 2026-09-15T17:23:31.000Z | R35: 2026-09-15T17:23:31.000Z | S35: Hill | T35: 100 | U35: 15 | V35: Aiden Hill | W35: 005ak00000icyWTAAY | X35: (732) 555-7073 | Y35: 131ak000001XjDtAAK | Z35: 2026-10-01T15:56:46.000Z | AA35: =LOWER(TRIM(Instructors[[#This Row],[Email__c]])) -> aidenhill@outlook.com | AB35: =COUNTIF(Instructors[Dup Email Key],Instructors[[#This Row],[Dup Email Key]]) -> 1 | AC35: =IF(Instructors[[#This Row],[Active__c]] = "Active", COUNTIFS(Lessons[Instructor_External_Id__c], Instructors[[#This Row],[Id]], Lessons[Status__c], "Completed", Lessons[Is Past], "Yes"), "Not Active") -> 42 | AD35: =COUNTIFS(Lessons[Instructor_External_Id__c], Instructors[[#This Row],[Id]], Lessons[Lesson_Date__c], ">"&Data_Audit!$F$1, Lessons[Lesson_Date__c], "<="&Data_Audit!$F$1+28, Lessons[Status__c], "Scheduled") -> 7
A36: Active | B36: 44055 | C36: 005ak00000icyWTAAY | D36: 2026-09-14T19:36:36.000Z | E36: rowanjones55@outlook.com | F36: Rowan | G36: Rowan Jones | H36: 44009 | I36: 42 | J36: a06ak00000amzCCAAY | K36: INS-035 | L36: Ukulele;Voice;Saxophone | M36: FALSE | O36: 005ak00000icyWTAAY | P36: 2026-10-01T15:56:46.000Z | Q36: 2026-09-15T17:23:31.000Z | R36: 2026-09-15T17:23:31.000Z | S36: Jones | T36: 57 | U36: 12 | V36: Rowan Jones | W36: 005ak00000icyWTAAY | X36: (732) 555-9155 | Y36: 131ak000001XjDuAAK | Z36: 2026-10-01T15:56:46.000Z | AA36: =LOWER(TRIM(Instructors[[#This Row],[Email__c]])) -> rowanjones55@outlook.com | AB36: =COUNTIF(Instructors[Dup Email Key],Instructors[[#This Row],[Dup Email Key]]) -> 1 | AC36: =IF(Instructors[[#This Row],[Active__c]] = "Active", COUNTIFS(Lessons[Instructor_External_Id__c], Instructors[[#This Row],[Id]], Lessons[Status__c], "Completed", Lessons[Is Past], "Yes"), "Not Active") -> 20 | AD36: =COUNTIFS(Lessons[Instructor_External_Id__c], Instructors[[#This Row],[Id]], Lessons[Lesson_Date__c], ">"&Data_Audit!$F$1, Lessons[Lesson_Date__c], "<="&Data_Audit!$F$1+28, Lessons[Status__c], "Scheduled") -> 4
A37: Inactive | B37: 43700 | C37: 005ak00000icyWTAAY | D37: 2026-09-14T19:36:36.000Z | E37: lsullivan@yahoo.com | F37: Vincent | G37: Vincent Kelly | H37: 43654 | I37: 35 | J37: a06ak00000amzCDAAY | K37: INS-036 | L37: Saxophone;Piano | M37: FALSE | O37: 005ak00000icyWTAAY | P37: 2026-09-23T19:02:24.000Z | Q37: 2026-09-15T17:23:31.000Z | R37: 2026-09-15T17:23:31.000Z | S37: Kelly | T37: 16 | U37: 18 | V37: Vincent Kelly | W37: 005ak00000icyWTAAY | X37: (732) 555-7010 | Y37: 131ak000001XjDtAAK | Z37: 2026-09-23T19:02:24.000Z | AA37: =LOWER(TRIM(Instructors[[#This Row],[Email__c]])) -> lsullivan@yahoo.com | AB37: =COUNTIF(Instructors[Dup Email Key],Instructors[[#This Row],[Dup Email Key]]) -> 2 | AC37: =IF(Instructors[[#This Row],[Active__c]] = "Active", COUNTIFS(Lessons[Instructor_External_Id__c], Instructors[[#This Row],[Id]], Lessons[Status__c], "Completed", Lessons[Is Past], "Yes"), "Not Active") -> Not Active | AD37: =COUNTIFS(Lessons[Instructor_External_Id__c], Instructors[[#This Row],[Id]], Lessons[Lesson_Date__c], ">"&Data_Audit!$F$1, Lessons[Lesson_Date__c], "<="&Data_Audit!$F$1+28, Lessons[Status__c], "Scheduled") -> 0
A38: Inactive | B38: 45524 | C38: 005ak00000icyWTAAY | D38: 2026-09-14T19:36:36.000Z | E38: caroline.baker@yahoo.com | F38: Caroline | G38: Caroline Baker | H38: 45494 | I38: 40 | J38: a06ak00000amzCEAAY | K38: INS-037 | L38: Guitar | M38: FALSE | O38: 005ak00000icyWTAAY | P38: 2026-09-29T05:11:32.000Z | Q38: 2026-09-29T05:11:32.000Z | R38: 2026-09-29T05:11:32.000Z | S38: Baker | T38: 10 | U38: 20 | V38: Caroline Baker | W38: 005ak00000icyWTAAY | X38: (732) 555-4354 | Y38: 131ak000001XjDuAAK | Z38: 2026-09-29T05:11:32.000Z | AA38: =LOWER(TRIM(Instructors[[#This Row],[Email__c]])) -> caroline.baker@yahoo.com | AB38: =COUNTIF(Instructors[Dup Email Key],Instructors[[#This Row],[Dup Email Key]]) -> 1 | AC38: =IF(Instructors[[#This Row],[Active__c]] = "Active", COUNTIFS(Lessons[Instructor_External_Id__c], Instructors[[#This Row],[Id]], Lessons[Status__c], "Completed", Lessons[Is Past], "Yes"), "Not Active") -> Not Active | AD38: =COUNTIFS(Lessons[Instructor_External_Id__c], Instructors[[#This Row],[Id]], Lessons[Lesson_Date__c], ">"&Data_Audit!$F$1, Lessons[Lesson_Date__c], "<="&Data_Audit!$F$1+28, Lessons[Status__c], "Scheduled") -> 0
